{
  "Delta=2.0": {
    "spread": 1.9818916141499914,
    "V_q0": 0.08522609567049019,
    "da": 0.6666666666666666,
    "db": 1.3152249474833249
  },
  "Delta=1.0": {
    "spread": 1.6773152283227182,
    "V_q0": 0.15182608070931938,
    "da": 0.8386576141613591,
    "db": 0.8386576141613591
  },
  "Delta=0.5": {
    "spread": 1.511116505355526,
    "V_q0": 0.08401737362670052,
    "da": 0.755558252677763,
    "db": 0.755558252677763
  },
  "Delta=0.25": {
    "spread": 1.4239958352025122,
    "V_q0": 0.04425749368723236,
    "da": 0.7119979176012561,
    "db": 0.7119979176012561
  },
  "Delta=0.1": {
    "spread": 1.3700775982570756,
    "V_q0": 0.018276026218031118,
    "da": 0.6850387991285443,
    "db": 0.6850387991285313
  },
  "fine_h=0.05": {
    "spread": 1.3703802121311248,
    "V_q0": 0.0022842865020173317
  },
  "fine_h=0.1": {
    "spread": 1.3703366343040544,
    "V_q0": 0.00456863527165492
  },
  "fine_h=0.25": {
    "spread": 1.3702065981086793,
    "V_q0": 0.01142205352221155
  },
  "fine_h=0.4": {
    "spread": 1.3700775982570756,
    "V_q0": 0.018276026218031118
  },
  "fine_h=1.0": {
    "spread": 1.3695717217366212,
    "V_q0": 0.045697373934547855
  }
}