{
  "n=256": {
    "final_w2": 0.017682751103689352,
    "min_w2": 0.017682751103689352,
    "w2s": [
      0.02102071740765687,
      0.022205792552276695,
      0.0215258289185496,
      0.021132512611242407,
      0.019289485182562193,
      0.021221057560098372,
      0.020008373022285933,
      0.02028522994663982,
      0.019014821281733322,
      0.02247179047370295,
      0.019023506309717775,
      0.020237143876109982,
      0.01965842400928086,
      0.019124960512361143,
      0.017682751103689352
    ],
    "converged": false
  },
  "n=512": {
    "final_w2": 0.016660546375213914,
    "min_w2": 0.014854241607789545,
    "w2s": [
      0.018206898259740915,
      0.018253237582182568,
      0.01958431675914293,
      0.01725028937998165,
      0.018570942101247913,
      0.017743578117817294,
      0.015006278307068343,
      0.014854241607789545,
      0.0175347204644179,
      0.017996482899576338,
      0.01881649136069772,
      0.01616088273812488,
      0.016856686379834843,
      0.014950555850756204,
      0.016660546375213914
    ],
    "converged": false
  },
  "n=1024": {
    "final_w2": 0.013726979363808282,
    "min_w2": 0.012590941386733539,
    "w2s": [
      0.013862313331149708,
      0.0165394735394567,
      0.01448016330885534,
      0.013700108560398442,
      0.015966928430122665,
      0.013364363169216348,
      0.014722659674988066,
      0.014288791619943132,
      0.014281207381590324,
      0.014187928640527958,
      0.014713251603930624,
      0.013070288642092325,
      0.012590941386733539,
      0.012618432852596336,
      0.013726979363808282
    ],
    "converged": false
  },
  "n=2048": {
    "final_w2": 0.0070891568191040685,
    "min_w2": 0.006584091230753193,
    "w2s": [
      0.008701165337617804,
      0.008247619682545447,
      0.008016773162288148,
      0.006923517652983295,
      0.007962733357019228,
      0.006742885370967895,
      0.007460174853769878,
      0.0075798813361743975,
      0.00705235243420887,
      0.007292051991428277,
      0.00701921468654696,
      0.006584091230753193,
      0.006940727074055568,
      0.0074776602629583085,
      0.0070891568191040685
    ],
    "converged": false
  }
}