{
  "extreme_linear_0.0": {
    "y0": 0.0820744144658014,
    "loss": 0.0016917475511698183,
    "z_max": 0.7715878596563627,
    "diverged": false
  },
  "extreme_linear_0.5": {
    "y0": -0.06157200835150714,
    "loss": 0.0013535494178750034,
    "z_max": 0.7547496102794993,
    "diverged": false
  },
  "extreme_linear_1.0": {
    "y0": -0.06664822684121934,
    "loss": 0.0012817852321258998,
    "z_max": 0.7660815613527113,
    "diverged": false
  },
  "extreme_linear_2.0": {
    "y0": -0.06856134734647697,
    "loss": 0.001431329254177111,
    "z_max": 0.7444469508122986,
    "diverged": false
  },
  "extreme_linear_5.0": {
    "y0": 0.414766140796941,
    "loss": 0.0067251895639192484,
    "z_max": 1.4227727311416083,
    "diverged": false
  },
  "extreme_linear_10.0": {
    "y0": 0.40918089091959137,
    "loss": 0.0027915363067717194,
    "z_max": 0.7778572169467818,
    "diverged": false
  },
  "extreme_linear_20.0": {
    "y0": 0.20414771842504373,
    "loss": 0.0033036551668107796,
    "z_max": 0.8462342830873674,
    "diverged": false
  },
  "extreme_linear_50.0": {
    "y0": 0.12205998582700886,
    "loss": 0.004164625612771026,
    "z_max": 0.6362145141580088,
    "diverged": false
  },
  "stress_T=1.0_kappa=0.0": {
    "y0": 0.08274230179760941,
    "loss": 0.001586893603916436,
    "z_max": 0.9006508821547939,
    "diverged": false,
    "T": 1.0,
    "kappa": 0.0
  },
  "stress_T=1.0_kappa=0.5": {
    "y0": -0.0784646525817177,
    "loss": 0.0015598393419480462,
    "z_max": 0.7313385503438107,
    "diverged": false,
    "T": 1.0,
    "kappa": 0.5
  },
  "stress_T=1.0_kappa=2.0": {
    "y0": 0.4019998015826839,
    "loss": 0.005277060639345735,
    "z_max": 1.4529773359729914,
    "diverged": false,
    "T": 1.0,
    "kappa": 2.0
  },
  "stress_T=1.0_kappa=10.0": {
    "y0": 0.11073203586533972,
    "loss": 0.0029033980604985577,
    "z_max": 0.6123932834308284,
    "diverged": false,
    "T": 1.0,
    "kappa": 10.0
  },
  "stress_T=2.0_kappa=0.0": {
    "y0": -0.053837863859323126,
    "loss": 0.009531620149565167,
    "z_max": 1.0595397225338496,
    "diverged": false,
    "T": 2.0,
    "kappa": 0.0
  },
  "stress_T=2.0_kappa=0.5": {
    "y0": -0.17707868654640613,
    "loss": 0.007865145418735934,
    "z_max": 1.4714916522535222,
    "diverged": false,
    "T": 2.0,
    "kappa": 0.5
  },
  "stress_T=2.0_kappa=2.0": {
    "y0": 0.7221686823201646,
    "loss": 0.020195013704448123,
    "z_max": 0.9754415821387653,
    "diverged": false,
    "T": 2.0,
    "kappa": 2.0
  },
  "stress_T=2.0_kappa=10.0": {
    "y0": 0.030166328256051658,
    "loss": 0.012634897917369893,
    "z_max": 0.8298910176365673,
    "diverged": false,
    "T": 2.0,
    "kappa": 10.0
  },
  "stress_T=5.0_kappa=0.0": {
    "y0": -0.3525784508038218,
    "loss": 0.06559598601929977,
    "z_max": 1.7653821783120627,
    "diverged": false,
    "T": 5.0,
    "kappa": 0.0
  },
  "stress_T=5.0_kappa=0.5": {
    "y0": 1.490786604660398,
    "loss": 0.36764110485854373,
    "z_max": 4.337314347311056,
    "diverged": false,
    "T": 5.0,
    "kappa": 0.5
  },
  "stress_T=5.0_kappa=2.0": {
    "y0": 0.7523941830511598,
    "loss": 0.04866946751336725,
    "z_max": 1.228742540050492,
    "diverged": false,
    "T": 5.0,
    "kappa": 2.0
  },
  "stress_T=5.0_kappa=10.0": {
    "y0": 0.0425767027963471,
    "loss": 0.0963885708389273,
    "z_max": 1.2504893220337334,
    "diverged": false,
    "T": 5.0,
    "kappa": 10.0
  },
  "stress_T=10.0_kappa=0.0": {
    "y0": -0.6464069491562979,
    "loss": 0.4829939740165717,
    "z_max": 2.532697019321817,
    "diverged": false,
    "T": 10.0,
    "kappa": 0.0
  },
  "stress_T=10.0_kappa=0.5": {
    "y0": 2.6361731610015617,
    "loss": 0.49772503778326893,
    "z_max": 1.9290369581807556,
    "diverged": false,
    "T": 10.0,
    "kappa": 0.5
  },
  "stress_T=10.0_kappa=2.0": {
    "y0": 0.5534843492259158,
    "loss": 0.10954449149987862,
    "z_max": 1.8932143090990494,
    "diverged": false,
    "T": 10.0,
    "kappa": 2.0
  },
  "stress_T=10.0_kappa=10.0": {
    "y0": 0.12133739705826443,
    "loss": 0.413758676940714,
    "z_max": 0.7858983118351575,
    "diverged": false,
    "T": 10.0,
    "kappa": 10.0
  }
}