{
  "std=0.1": {
    "h": 0.6126398338337844,
    "nn_spread": 1.3333333333333333,
    "nn_da": 0.6832905670082566,
    "nn_db": 0.6500427663250766,
    "fd_spread": 1.6643305119688943,
    "fd_da": 0.8321652559844471,
    "fd_V": 0.23357597595816004
  },
  "std=1.0": {
    "h": 0.9703757923984293,
    "nn_spread": 1.3333333333333333,
    "nn_da": 0.7930317203330801,
    "nn_db": 0.5403016130002531,
    "fd_spread": 1.644985477950775,
    "fd_da": 0.8224927389753875,
    "fd_V": 0.3724344052241231
  },
  "std=3.0": {
    "h": 0.9999929732196612,
    "nn_spread": 1.3333333333333333,
    "nn_da": 0.6076329952623337,
    "nn_db": 0.7257003380709995,
    "fd_spread": 1.6434888924729374,
    "fd_da": 0.8217444462364687,
    "fd_V": 0.3840036698856864
  },
  "diffusion_comparison": {
    "diffusion_spread": 1.3333333333333333,
    "jump_spread_std1": 1.3333333333333333,
    "fd_spread_std1": 1.644985477950775
  }
}