{
  "nash_spread": 1.5153284512405638,
  "monopolist_spread": 1.5932896618692185,
  "learned_spreads": [
    1.6326615588254518,
    1.7298993821718158,
    1.7002695908244512,
    1.4737077491013517,
    1.7864924608904065
  ],
  "mean_learned_spread": 1.6646061483626955,
  "std_learned_spread": 0.10756766831378715,
  "collusion_gap": 0.14927769712213168,
  "n_rounds": 5
}