{
  "sigma=0.0": {
    "y0": 0.13825501466699502,
    "loss": 0.00014913544379672734,
    "h_narrow": 0.4053044085870598,
    "h_wide": 0.03532848687612092,
    "h_gap": 0.36997592171093885
  },
  "sigma=0.1": {
    "y0": 0.13924121934208855,
    "loss": 0.00021091940227856832,
    "h_narrow": 0.40514095225677066,
    "h_wide": 0.04810822550925679,
    "h_gap": 0.35703272674751385
  },
  "sigma=0.2": {
    "y0": 0.13927545551730386,
    "loss": 0.00020949604638282978,
    "h_narrow": 0.4021570261351475,
    "h_wide": 0.0362373187333602,
    "h_gap": 0.36591970740178725
  },
  "sigma=0.5": {
    "y0": 0.1400336680393507,
    "loss": 0.00027047567798151886,
    "h_narrow": 0.40402333993330447,
    "h_wide": 0.035026347932857575,
    "h_gap": 0.3689969920004469
  },
  "sigma=1.0": {
    "y0": 0.1383264807883162,
    "loss": 0.00013554117873891154,
    "h_narrow": 0.40049759821408404,
    "h_wide": 0.03468300848131662,
    "h_gap": 0.3658145897327674
  }
}