{
  "fp_h": 0.23317679692903406,
  "fp_y0": 0.04729461363694664,
  "fp_w2": 0.020378092955819653,
  "fd_at_fp_h": {
    "V": 0.08822042404233506,
    "da": 0.8438711180402163,
    "db": 0.8438711180402163,
    "spread": 1.6877422360804326,
    "q_grid": [
      -5.0,
      -4.0,
      -3.0,
      -2.0,
      -1.0,
      0.0,
      1.0,
      2.0,
      3.0,
      4.0,
      5.0
    ],
    "V_all": [
      -4.305421881030583,
      -2.7441445643513633,
      -1.5021822724320806,
      -0.6204682982703472,
      -0.08933171402516579,
      0.08822042404233506,
      -0.08933171402516579,
      -0.6204682982703472,
      -1.5021822724320806,
      -2.7441445643513633,
      -4.305421881030583
    ],
    "da_all": [
      0.001,
      2.2253807534840857,
      1.9061502212136294,
      1.546681140810085,
      1.1967758791708176,
      0.8438711180402163,
      0.48946221529311695,
      0.13655745416251552,
      0.001,
      0.001,
      0.001
    ],
    "db_all": [
      0.001,
      0.001,
      0.001,
      0.13655745416251552,
      0.48946221529311695,
      0.8438711180402163,
      1.1967758791708176,
      1.546681140810085,
      1.9061502212136294,
      2.2253807534840857,
      0.001
    ]
  },
  "fd_baseline": {
    "V": 0.3840064160070512,
    "da": 0.8217442695981348,
    "db": 0.8217442695981348,
    "spread": 1.6434885391962697,
    "q_grid": [
      -5.0,
      -4.0,
      -3.0,
      -2.0,
      -1.0,
      0.0,
      1.0,
      2.0,
      3.0,
      4.0,
      5.0
    ],
    "V_all": [
      -3.431256053872795,
      -2.0684368468444867,
      -0.9930311682409461,
      -0.23339537041698663,
      0.22872389963547654,
      0.3840064160070512,
      0.22872389963547654,
      -0.23339537041698663,
      -0.9930311682409461,
      -2.0684368468444867,
      -3.431256053872795
    ],
    "da_all": [
      0.8384478816769839,
      2.0278893519885077,
      1.7405973157391035,
      1.4253761770121578,
      1.1281990215230768,
      0.8217442695981348,
      0.5115890637351984,
      0.20513431181025643,
      0.001,
      0.001,
      0.001
    ],
    "db_all": [
      0.001,
      0.001,
      0.001,
      0.20513431181025643,
      0.5115890637351984,
      0.8217442695981348,
      1.1281990215230768,
      1.4253761770121578,
      1.7405973157391035,
      2.0278893519885077,
      0.8384478816769839
    ]
  }
}