{
  "std=0.1": {
    "h": 0.4055834841049422,
    "nn": {
      "da": 0.6634954921564785,
      "db": 0.6698378411768547,
      "spread": 1.3333333333333333
    },
    "fd": {
      "V": 0.15399931525364466,
      "da": 0.8383512076737578,
      "spread": 1.6767024153475156
    }
  },
  "std=1.0": {
    "h": 0.2542466837038978,
    "nn": {
      "da": 0.6066237606956166,
      "db": 0.7267095726377166,
      "spread": 1.3333333333333333
    },
    "fd": {
      "V": 0.09623490135899983,
      "da": 0.8431774773855968,
      "spread": 1.6863549547711936
    }
  },
  "std=3.0": {
    "h": 0.06031701502747191,
    "nn": {
      "da": 0.6511319369045366,
      "db": 0.6822013964287966,
      "spread": 1.3333333333333333
    },
    "fd": {
      "V": 0.022735154599207733,
      "da": 0.849773688860989,
      "spread": 1.699547377721978
    }
  },
  "sensitivity": {
    "nn": 0.0,
    "fd": -0.06616617720076523
  }
}