{
  "T=0.5": {
    "y0": 0.09533041914528143,
    "loss": 2.892617622828521e-05,
    "z_max": 0.0548974199728664,
    "h_narrow": 0.4439758842577147,
    "h_wide": 0.17105916567343768,
    "h_gap": 0.272916718584277,
    "diverged": false
  },
  "T=1.0": {
    "y0": 0.1428881810174497,
    "loss": 0.00014166930232314663,
    "z_max": 0.09341890572043399,
    "h_narrow": 0.4105225223612992,
    "h_wide": 0.05585244390700657,
    "h_gap": 0.35467007845429266,
    "diverged": false
  },
  "T=2.0": {
    "y0": 0.16256484577828237,
    "loss": 0.0009136866895103823,
    "z_max": 0.13633937414606498,
    "h_narrow": 0.3798287410088812,
    "h_wide": 0.014549199003993176,
    "h_gap": 0.36527954200488805,
    "diverged": false
  },
  "T=5.0": {
    "y0": 0.13779128881288258,
    "loss": 0.005585378290164581,
    "z_max": 0.30784699485921907,
    "h_narrow": 0.3682659643377228,
    "h_wide": 0.01114208534285633,
    "h_gap": 0.3571238789948665,
    "diverged": false
  }
}