{
  "linear_0.0": {
    "y0": 0.08915700039773149,
    "loss": 0.0014459698878930144,
    "z_max": 0.7701990864058071,
    "diverged": false,
    "lipschitz_z": 0.1816551580295045,
    "path_var_pre": {
      "var_q_T": 0.621948812680344,
      "var_s_T": 0.08821926306347144,
      "max_abs_q_T": 2.9334834027345478
    },
    "kappa": 0.0,
    "impact_type": "linear"
  },
  "linear_0.01": {
    "y0": 0.0848250585793447,
    "loss": 0.0015458450845500767,
    "z_max": 0.8428558795606367,
    "diverged": false,
    "lipschitz_z": 0.2012730295695342,
    "path_var_pre": {
      "var_q_T": 0.621948812680344,
      "var_s_T": 0.0881945535430616,
      "max_abs_q_T": 2.9334834027345478
    },
    "kappa": 0.01,
    "impact_type": "linear"
  },
  "linear_0.05": {
    "y0": 0.06846888296050563,
    "loss": 0.001551452125660715,
    "z_max": 0.9738038752109177,
    "diverged": false,
    "lipschitz_z": 0.21637683167510366,
    "path_var_pre": {
      "var_q_T": 0.621948812680344,
      "var_s_T": 0.08812684906461993,
      "max_abs_q_T": 2.9334834027345478
    },
    "kappa": 0.05,
    "impact_type": "linear"
  },
  "linear_0.1": {
    "y0": 0.02900758926821663,
    "loss": 0.001503044574206724,
    "z_max": 1.0724509364178352,
    "diverged": false,
    "lipschitz_z": 0.1881602265811764,
    "path_var_pre": {
      "var_q_T": 0.621948812680344,
      "var_s_T": 0.08811226907374657,
      "max_abs_q_T": 2.9334834027345478
    },
    "kappa": 0.1,
    "impact_type": "linear"
  },
  "linear_0.2": {
    "y0": -0.03183849511372931,
    "loss": 0.0016021105294715008,
    "z_max": 0.9512979110348293,
    "diverged": false,
    "lipschitz_z": 0.2394152766594252,
    "path_var_pre": {
      "var_q_T": 0.621948812680344,
      "var_s_T": 0.08831661111593653,
      "max_abs_q_T": 2.9334834027345478
    },
    "kappa": 0.2,
    "impact_type": "linear"
  },
  "linear_0.5": {
    "y0": -0.06067822710984187,
    "loss": 0.0013307680420205034,
    "z_max": 0.7052415150137564,
    "diverged": false,
    "lipschitz_z": 0.33363090985085503,
    "path_var_pre": {
      "var_q_T": 0.621948812680344,
      "var_s_T": 0.0907976534339798,
      "max_abs_q_T": 2.9334834027345478
    },
    "kappa": 0.5,
    "impact_type": "linear"
  },
  "linear_1.0": {
    "y0": -0.06632593390659716,
    "loss": 0.0013207364496289169,
    "z_max": 0.7448019795014397,
    "diverged": false,
    "lipschitz_z": 0.3731479637775156,
    "path_var_pre": {
      "var_q_T": 0.621948812680344,
      "var_s_T": 0.10115944460231227,
      "max_abs_q_T": 2.9334834027345478
    },
    "kappa": 1.0,
    "impact_type": "linear"
  },
  "linear_2.0": {
    "y0": -0.06841004287629203,
    "loss": 0.0012733428394685956,
    "z_max": 0.881757698153574,
    "diverged": false,
    "lipschitz_z": 0.16109695011028155,
    "path_var_pre": {
      "var_q_T": 0.621948812680344,
      "var_s_T": 0.14523322933244437,
      "max_abs_q_T": 2.9334834027345478
    },
    "kappa": 2.0,
    "impact_type": "linear"
  },
  "sqrt_0.0": {
    "y0": 0.09595638200951383,
    "loss": 0.0016492234677397415,
    "z_max": 0.7719774569281415,
    "diverged": false,
    "lipschitz_z": 0.15608667726786415,
    "path_var_pre": {
      "var_q_T": 0.621948812680344,
      "var_s_T": 0.08821926306347144,
      "max_abs_q_T": 2.9334834027345478
    },
    "kappa": 0.0,
    "impact_type": "sqrt"
  },
  "sqrt_0.01": {
    "y0": 0.0845002019406623,
    "loss": 0.0014525354326866075,
    "z_max": 0.683070231656018,
    "diverged": false,
    "lipschitz_z": 0.2217672628380749,
    "path_var_pre": {
      "var_q_T": 0.621948812680344,
      "var_s_T": 0.08818774609228504,
      "max_abs_q_T": 2.9334834027345478
    },
    "kappa": 0.01,
    "impact_type": "sqrt"
  },
  "sqrt_0.05": {
    "y0": 0.04457389960494629,
    "loss": 0.0014875453539589178,
    "z_max": 0.965349690948724,
    "diverged": false,
    "lipschitz_z": 0.41732133241262764,
    "path_var_pre": {
      "var_q_T": 0.621948812680344,
      "var_s_T": 0.08820640542486502,
      "max_abs_q_T": 2.9334834027345478
    },
    "kappa": 0.05,
    "impact_type": "sqrt"
  },
  "sqrt_0.1": {
    "y0": -0.033601896771318904,
    "loss": 0.0018098564807792047,
    "z_max": 0.9013111298082114,
    "diverged": false,
    "lipschitz_z": 0.2036947642789378,
    "path_var_pre": {
      "var_q_T": 0.621948812680344,
      "var_s_T": 0.08855536582956355,
      "max_abs_q_T": 2.9334834027345478
    },
    "kappa": 0.1,
    "impact_type": "sqrt"
  },
  "sqrt_0.2": {
    "y0": -0.06548837022883511,
    "loss": 0.0015053172877258448,
    "z_max": 0.7776249887500024,
    "diverged": false,
    "lipschitz_z": 0.5692590695688725,
    "path_var_pre": {
      "var_q_T": 0.621948812680344,
      "var_s_T": 0.09033874076886772,
      "max_abs_q_T": 2.9334834027345478
    },
    "kappa": 0.2,
    "impact_type": "sqrt"
  },
  "sqrt_0.5": {
    "y0": -0.07927057063145862,
    "loss": 0.0015467699970320645,
    "z_max": 0.7893506185029677,
    "diverged": false,
    "lipschitz_z": 0.39216900569327673,
    "path_var_pre": {
      "var_q_T": 0.621948812680344,
      "var_s_T": 0.1043724986260644,
      "max_abs_q_T": 2.9334834027345478
    },
    "kappa": 0.5,
    "impact_type": "sqrt"
  },
  "sqrt_1.0": {
    "y0": -0.08646819764217074,
    "loss": 0.0015657526118225574,
    "z_max": 0.8165069446871559,
    "diverged": false,
    "lipschitz_z": 0.15238045200561715,
    "path_var_pre": {
      "var_q_T": 0.621948812680344,
      "var_s_T": 0.156707538518996,
      "max_abs_q_T": 2.9334834027345478
    },
    "kappa": 1.0,
    "impact_type": "sqrt"
  },
  "sqrt_2.0": {
    "y0": 0.40872898778676914,
    "loss": 0.007686418614696685,
    "z_max": 0.7639044166933581,
    "diverged": false,
    "lipschitz_z": 0.045405850967633055,
    "path_var_pre": {
      "var_q_T": 0.621948812680344,
      "var_s_T": 0.3699230312958684,
      "max_abs_q_T": 2.9334834027345478
    },
    "kappa": 2.0,
    "impact_type": "sqrt"
  },
  "quadratic_0.0": {
    "y0": 0.09379481678175304,
    "loss": 0.0012148587468707084,
    "z_max": 0.8238598501820168,
    "diverged": false,
    "lipschitz_z": 0.5917207709896872,
    "path_var_pre": {
      "var_q_T": 0.621948812680344,
      "var_s_T": 0.08821926306347144,
      "max_abs_q_T": 2.9334834027345478
    },
    "kappa": 0.0,
    "impact_type": "quadratic"
  },
  "quadratic_0.01": {
    "y0": 0.09543955842278636,
    "loss": 0.0015404205181264376,
    "z_max": 0.7613997709228313,
    "diverged": false,
    "lipschitz_z": 0.1772636830856346,
    "path_var_pre": {
      "var_q_T": 0.621948812680344,
      "var_s_T": 0.08820909810195998,
      "max_abs_q_T": 2.9334834027345478
    },
    "kappa": 0.01,
    "impact_type": "quadratic"
  },
  "quadratic_0.05": {
    "y0": 0.08897449505416137,
    "loss": 0.0017723117250004958,
    "z_max": 0.7863134238919582,
    "diverged": false,
    "lipschitz_z": 0.385803648142091,
    "path_var_pre": {
      "var_q_T": 0.621948812680344,
      "var_s_T": 0.08817150488450677,
      "max_abs_q_T": 2.9334834027345478
    },
    "kappa": 0.05,
    "impact_type": "quadratic"
  },
  "quadratic_0.1": {
    "y0": 0.07733467034496522,
    "loss": 0.0014395630760343542,
    "z_max": 0.7904858991439316,
    "diverged": false,
    "lipschitz_z": 0.6054037737939634,
    "path_var_pre": {
      "var_q_T": 0.621948812680344,
      "var_s_T": 0.08813141327701378,
      "max_abs_q_T": 2.9334834027345478
    },
    "kappa": 0.1,
    "impact_type": "quadratic"
  },
  "quadratic_0.2": {
    "y0": 0.04839340280531494,
    "loss": 0.001794394824522748,
    "z_max": 0.7960129352665809,
    "diverged": false,
    "lipschitz_z": 0.3936246605038741,
    "path_var_pre": {
      "var_q_T": 0.621948812680344,
      "var_s_T": 0.08807422977642317,
      "max_abs_q_T": 2.9334834027345478
    },
    "kappa": 0.2,
    "impact_type": "quadratic"
  },
  "quadratic_0.5": {
    "y0": 0.025085017098253535,
    "loss": 0.0016088974832633978,
    "z_max": 0.8757147030083936,
    "diverged": false,