{
  "mv_y0": 0.14284140325103595,
  "mv_loss": 0.0001954914214520192,
  "no_coupling_y0": 0.45675781465608817,
  "h_floor": 0.01,
  "evaluations": {
    "std=0.1": {
      "h": 0.4026850583386633,
      "quotes": {
        "q=0.0": {
          "delta_a_raw": 0.6541078814599103,
          "delta_b_raw": 0.679225451873423,
          "delta_a_clip": 0.6541078814599103,
          "delta_b_clip": 0.679225451873423,
          "z_q": -0.010772472389334375
        },
        "q=1.0": {
          "delta_a_raw": 0.6487545076507468,
          "delta_b_raw": 0.6845788256825864,
          "delta_a_clip": 0.6487545076507468,
          "delta_b_clip": 0.6845788256825864,
          "z_q": -0.015364403105529278
        },
        "q=2.0": {
          "delta_a_raw": 0.6484426875715003,
          "delta_b_raw": 0.684890645761833,
          "delta_a_clip": 0.6484426875715003,
          "delta_b_clip": 0.684890645761833,
          "z_q": -0.015631871108112594
        },
        "q=-1.0": {
          "delta_a_raw": 0.7267016196388566,
          "delta_b_raw": 0.6066317136944767,
          "delta_a_clip": 0.7267016196388566,
          "delta_b_clip": 0.6066317136944767,
          "z_q": 0.051495814494859043
        },
        "q=-2.0": {
          "delta_a_raw": 0.7875322466080098,
          "delta_b_raw": 0.5458010867253235,
          "delta_a_clip": 0.7875322466080098,
          "delta_b_clip": 0.5458010867253235,
          "z_q": 0.10367412940851536
        }
      }
    },
    "std=0.5": {
      "h": 0.33009676837275215,
      "quotes": {
        "q=0.0": {
          "delta_a_raw": 0.6022518658927661,
          "delta_b_raw": 0.7310814674405671,
          "delta_a_clip": 0.6022518658927661,
          "delta_b_clip": 0.7310814674405671,
          "z_q": -0.05525268976079084
        },
        "q=1.0": {
          "delta_a_raw": 0.5968984920836027,
          "delta_b_raw": 0.7364348412497306,
          "delta_a_clip": 0.5968984920836027,
          "delta_b_clip": 0.7364348412497306,
          "z_q": -0.059844620476985744
        },
        "q=2.0": {
          "delta_a_raw": 0.5965866720043561,
          "delta_b_raw": 0.7367466613289771,
          "delta_a_clip": 0.5965866720043561,
          "delta_b_clip": 0.7367466613289771,
          "z_q": -0.06011208847956906
        },
        "q=-1.0": {
          "delta_a_raw": 0.6748456040717125,
          "delta_b_raw": 0.6584877292616208,
          "delta_a_clip": 0.6748456040717125,
          "delta_b_clip": 0.6584877292616208,
          "z_q": 0.007015597123402578
        },
        "q=-2.0": {
          "delta_a_raw": 0.7356762310408655,
          "delta_b_raw": 0.5976571022924677,
          "delta_a_clip": 0.7356762310408655,
          "delta_b_clip": 0.5976571022924677,
          "z_q": 0.0591939120370589
        }
      }
    },
    "std=1.0": {
      "h": 0.23628867320251054,
      "quotes": {
        "q=0.0": {
          "delta_a_raw": 0.5531658601717189,
          "delta_b_raw": 0.7801674731616144,
          "delta_a_clip": 0.5531658601717189,
          "delta_b_clip": 0.7801674731616144,
          "z_q": -0.09735689272527978
        },
        "q=1.0": {
          "delta_a_raw": 0.5478124863625555,
          "delta_b_raw": 0.7855208469707777,
          "delta_a_clip": 0.5478124863625555,
          "delta_b_clip": 0.7855208469707777,
          "z_q": -0.10194882344147468
        },
        "q=2.0": {
          "delta_a_raw": 0.5475006662833088,
          "delta_b_raw": 0.7858326670500244,
          "delta_a_clip": 0.5475006662833088,
          "delta_b_clip": 0.7858326670500244,
          "z_q": -0.102216291444058
        },
        "q=-1.0": {
          "delta_a_raw": 0.6257595983506653,
          "delta_b_raw": 0.707573734982668,
          "delta_a_clip": 0.6257595983506653,
          "delta_b_clip": 0.707573734982668,
          "z_q": -0.03508860584108636
        },
        "q=-2.0": {
          "delta_a_raw": 0.6865902253198184,
          "delta_b_raw": 0.6467431080135149,
          "delta_a_clip": 0.6865902253198184,
          "delta_b_clip": 0.6467431080135149,
          "z_q": 0.01708970907256996
        }
      }
    },
    "std=2.0": {
      "h": 0.12397092786645952,
      "quotes": {
        "q=0.0": {
          "delta_a_raw": 0.563513843059438,
          "delta_b_raw": 0.7698194902738953,
          "delta_a_clip": 0.563513843059438,
          "delta_b_clip": 0.7698194902738953,
          "z_q": -0.08848076672200292
        },
        "q=1.0": {
          "delta_a_raw": 0.5581604692502746,
          "delta_b_raw": 0.7751728640830586,
          "delta_a_clip": 0.5581604692502746,
          "delta_b_clip": 0.7751728640830586,
          "z_q": -0.09307269743819782
        },
        "q=2.0": {
          "delta_a_raw": 0.557848649171028,
          "delta_b_raw": 0.7754846841623052,
          "delta_a_clip": 0.557848649171028,
          "delta_b_clip": 0.7754846841623052,
          "z_q": -0.09334016544078114
        },
        "q=-1.0": {
          "delta_a_raw": 0.6361075812383844,
          "delta_b_raw": 0.6972257520949489,
          "delta_a_clip": 0.6361075812383844,
          "delta_b_clip": 0.6972257520949489,
          "z_q": -0.0262124798378095
        },
        "q=-2.0": {
          "delta_a_raw": 0.6969382082075375,
          "delta_b_raw": 0.6363951251257958,
          "delta_a_clip": 0.6969382082075375,
          "delta_b_clip": 0.6363951251257958,
          "z_q": 0.02596583507584682
        }
      }
    },
    "std=3.0": {
      "h": 0.059462123311695585,
      "quotes": {
        "q=0.0": {
          "delta_a_raw": 0.5569565665685096,
          "delta_b_raw": 0.7763767667648237,
          "delta_a_clip": 0.5569565665685096,
          "delta_b_clip": 0.7763767667648237,
          "z_q": -0.09410536167962325
        },
        "q=1.0": {
          "delta_a_raw": 0.5516031927593461,
          "delta_b_raw": 0.7817301405739872,
          "delta_a_clip": 0.5516031927593461,
          "delta_b_clip": 0.7817301405739872,
          "z_q": -0.09869729239581815
        },
        "q=2.0": {
          "delta_a_raw": 0.5512913726800995,
          "delta_b_raw": 0.7820419606532337,
          "delta_a_clip": 0.5512913726800995,
          "delta_b_clip": 0.7820419606532337,
          "z_q": -0.09896476039840146
        },
        "q=-1.0": {
          "delta_a_raw": 0.6295503047474559,
          "delta_b_raw": 0.7037830285858774,
          "delta_a_clip": 0.6295503047474559,
          "delta_b_clip": 0.7037830285858774,
          "z_q": -0.031837074795429826
        },
        "q=-2.0": {
          "delta_a_raw": 0.690380931716609,
          "delta_b_raw": 0.6429524016167243,
          "delta_a_clip": 0.690380931716609,
          "delta_b_clip": 0.6429524016167243,
          "z_q": 0.020341240118226495
        }
      }
    },
    "std=5.0": {
      "h": 0.023462338225989192,
      "quotes": {
        "q=0.0": {
          "delta_a_raw": 0.4345612456362494,
          "delta_b_raw": 0.8987720876970838,
          "delta_a_clip": 0.4345612456362494,
          "delta_b_clip": 0.8987720876970838,
          "z_q": -0.19909164766349122
        },
        "q=1.0": {
          "delta_a_raw": 0.429207871827086,
          "delta_b_raw": 0.9041254615062473,
          "delta_a_clip": 0.429207871827086,
          "delta_b_clip": 0.9041254615062473,
          "z_q": -0.20368357837968612
        },
        "q=2.0": {
          "delta_a_raw": 0.4288960517478394,
          "delta_b_raw": 0.9044372815854939,
          "delta_a_clip": 0.4288960517478394,
          "delta_b_clip": 0.9044372815854939,
          "z_q": -0.20395104638226944
        },
        "q=-1.0": {
          "delta_a_raw": 0.5071549838151957,
          "delta_b_raw": 0.8261783495181375,
          "delta_a_clip": 0.5071549838151957,
          "delta_b_clip": 0.8261783495181375,
          "z_q": -0.1368233607792978
        },
        "q=-2.0": {
          "delta_a_raw": 0.5679856107843488,
          "delta_b_raw": 0.7653477225489844,