{
  "V": [
    14.029724052157675,
    14.8396321963852,
    15.428613581682658,
    15.844558306360655,
    16.093570706932418,
    16.17654310874572,
    16.093570706932397,
    15.844558306360609,
    15.428613581682585,
    14.839632196385093,
    14.029724052157539
  ],
  "Ua": [
    0.0,
    -0.8099081442275242,
    -0.5889813852974584,
    -0.41594472467799726,
    -0.24901240057176288,
    -0.08297240181330068,
    0.082972401813322,
    0.24901240057178775,
    0.4159447246780239,
    0.5889813852974921,
    0.8099081442275544
  ],
  "Ub": [
    0.8099081442275242,
    0.5889813852974584,
    0.41594472467799726,
    0.24901240057176288,
    0.08297240181330068,
    -0.082972401813322,
    -0.24901240057178775,
    -0.4159447246780239,
    -0.5889813852974921,
    -0.8099081442275544,
    0.0
  ],
  "da": [
    0.0,
    1.4025187970454573,
    1.2018591969527568,
    1.0473656562095932,
    0.9008035851247456,
    0.7576642256203405,
    0.6174628125469273,
    0.4802482023850863,
    0.3455906702984535,
    0.20969671561238032,
    0.04192386628778471
  ],
  "db": [
    0.04192386628552629,
    0.20969671561259554,
    0.3455906702988486,
    0.4802482023853314,
    0.6174628125480836,
    0.7576642256202233,
    0.9008035851245287,
    1.0473656562091958,
    1.2018591969526142,
    1.4025187970454946,
    0.0
  ]
}