{
  "Q=20": {
    "Q": 20,
    "exact_spread": 1.489825033982458,
    "nn_spread": 1.368221978478422,
    "err": 0.12160305550403594,
    "nn_time": 1515.5458781719208
  },
  "Q=50": {
    "Q": 50,
    "exact_spread": 1.4342023123531753,
    "nn_spread": 1.3682220029791206,
    "err": 0.06598030937405475,
    "nn_time": 6073.3579223155975
  }
}