{
  "Q=5": {
    "Q": 5,
    "nq": 11,
    "exact_spread": 1.5153284512405638,
    "exact_V": 16.17654310874572,
    "exact_time": 0.06606793403625488,
    "nn_spread": 1.50638228434209,
    "nn_V": 16.388617164513686,
    "nn_time": 133.06339144706726,
    "nn_delta_a": [
      0.0,
      1.392309676572139,
      1.1930733509130556,
      1.0401212034604799,
      0.895026450277074,
      0.7531912566402577,
      0.6142053289610543,
      0.47804146129285363,
      0.34434622359875094,
      0.2092159653396132,
      0.04164669767604172
    ],
    "nn_delta_b": [
      0.04166302152429463,
      0.20922800621322163,
      0.34435217992191824,
      0.47804476408762286,
      0.6142052924283947,
      0.7531910277018323,
      0.8950293726287195,
      1.0401267926980096,
      1.1930858010124514,
      1.3923275114837932,
      0.0
    ],
    "nn_V_all": [
      14.267206704943687,
      15.068057899879234,
      15.649869079628031,
      16.060697951521476,
      16.306671342017378,
      16.388617164513686,
      16.306672935361384,
      16.060697328034344,
      15.649863121858504,
      15.068038946161533,
      14.267168965504034
    ],
    "exact_delta_a": [
      0.0,
      1.4025187970454573,
      1.2018591969527568,
      1.0473656562095932,
      0.9008035851247456,
      0.7576642256203405,
      0.6174628125469273,
      0.4802482023850863,
      0.3455906702984535,
      0.20969671561238032,
      0.04192386628778471
    ],
    "exact_delta_b": [
      0.04192386628552629,
      0.20969671561259554,
      0.3455906702988486,
      0.4802482023853314,
      0.6174628125480836,
      0.7576642256202233,
      0.9008035851245287,
      1.0473656562091958,
      1.2018591969526142,
      1.4025187970454946,
      0.0
    ]
  },
  "Q=10": {
    "Q": 10,
    "nq": 21,
    "exact_spread": 1.5063430555524295,
    "exact_V": 16.386563689651346,
    "exact_time": 0.1473853588104248,
    "nn_spread": 1.5015156095926367,
    "nn_V": 16.497550964408042,
    "nn_time": 236.68181896209717,
    "nn_delta_a": [
      0.0,
      2.069877576047604,
      1.9127088073872367,
      1.7637077491895188,
      1.6173450901750204,
      1.4695266855530646,
      1.323709251713945,
      1.1782978093903007,
      1.033982229997351,
      0.8914481622911521,
      0.7508622320516919,
      0.6130029241347067,
      0.47750793185480983,
      0.3462042445867687,
      0.21826433146611537,
      0.09411689964944232,
      -0.025033967233804015,
      -0.14120784455418084,
      -0.25197099861103134,
      -0.35977352406931973,
      -0.4692193974709914
    ],
    "nn_delta_b": [
      -0.4692902924277423,
      -0.3599670344303244,
      -0.2518954499233265,
      -0.14135529169363176,
      -0.025127035746436373,
      0.09423895744520637,
      0.218143974028798,
      0.3461391361507042,
      0.47772102073601275,
      0.6127967027677081,
      0.750653377540945,
      0.8916791253337775,
      1.0339182662280475,
      1.1781708644653197,
      1.3238706670891849,
      1.4694298887192325,
      1.6171771471784493,
      1.7638377777033785,
      1.9124693445734304,
      2.069811734388804,
      0.0
    ],
    "nn_V_all": [
      8.460074687039747,
      9.983614570278334,
      11.342185380027278,
      12.543165503772906,
      13.588033936213645,
      14.473717984193515,
      15.200653424460784,
      15.767317624656439,
      16.1727019859259,
      16.41630227601381,
      16.497550964408042,
      16.416535131791427,
      16.172661470468068,
      15.767341419224497,
      15.200811485707929,
      14.473693652065197,
      13.5881096030316,
      12.543416992880854,
      11.342295293549654,
      9.983973797427124,
      8.460500254731581
    ],
    "exact_delta_a": [
      0.0,
      2.081555866323643,
      1.922663358269435,
      1.7731826826614634,
      1.6244950420591568,
      1.4764444208914453,
      1.3291568092686972,
      1.1828445365408844,
      1.037809910201107,
      0.894438338743439,
      0.7531715277761626,
      0.6144926715681909,
      0.4788663351006413,
      0.3467111576994766,
      0.21836674796375533,
      0.0940686369140847,
      -0.026045555945429295,
      -0.14193413578153474,
      -0.25364260073021017,
      -0.36140998381748446,
      -0.4711919829940573
    ],
    "exact_delta_b": [
      -0.47119198299373455,
      -0.36140998381749273,
      -0.25364260073025896,
      -0.141934135781273,
      -0.026045555946525488,
      0.09406863691407705,
      0.218366747963916,
      0.34671115769946814,
      0.478866335100751,
      0.6144926715685843,
      0.753171527776267,
      0.8944383387434317,
      1.0378099102010874,
      1.1828445365408287,
      1.3291568092685673,
      1.4764444208914351,
      1.6244950420594408,
      1.7731826826619619,
      1.9226633582706565,
      2.081555866323398,
      0.0
    ]
  },
  "Q=20": {
    "Q": 20,
    "nq": 41,
    "exact_spread": 1.489825033982458,
    "nn_spread": 1.368221979438312,
    "err": 0.121603054544146,
    "ex_time": 0.46762681007385254,
    "nn_time": 959.2208142280579
  },
  "Q=50": {
    "Q": 50,
    "nq": 101,
    "exact_spread": 1.4342023123531753,
    "nn_spread": 1.368222002627709,
    "err": 0.06598030972546631,
    "ex_time": 3.1672801971435547,
    "nn_time": 4125.082848072052
  }
}