{
  "q_grid": [
    -5.0,
    -4.0,
    -3.0,
    -2.0,
    -1.0,
    0.0,
    1.0,
    2.0,
    3.0,
    4.0,
    5.0
  ],
  "V_grid": [
    14.344149951742322,
    15.100177725077364,
    15.658282437744381,
    16.064638939351013,
    16.309166115801133,
    16.3899120652999,
    16.310209909283085,
    16.06655004173849,
    15.660552633142705,
    15.103861662794008,
    14.339622906706643
  ],
  "delta_a": [
    0.0,
    1.3513045077628483,
    1.17178188799596,
    1.036216320409224,
    0.893837370528419,
    0.7522448992452259,
    0.6161831140521041,
    0.48005006021737184,
    0.348343616173695,
    0.22898112935154372,
    0.06938108063887424
  ],
  "delta_b": [
    0.07558657808662735,
    0.2278749350993456,
    0.3480557462833094,
    0.4793380701845051,
    0.6153069677586575,
    0.7513510452861483,
    0.893080757685856,
    1.0358978113945676,
    1.17051025492789,
    1.3588137677124785,
    0.0
  ],
  "spread": [
    0.07558657808662735,
    1.579179442862194,
    1.5198376342792694,
    1.5155543905937292,
    1.5091443382870766,
    1.5035959445313742,
    1.5092638717379603,
    1.5159478716119394,
    1.518853871101585,
    1.5877948970640223,
    0.06938108063887424
  ],
  "q_fine": [
    -5.0,
    -4.9,
    -4.8,
    -4.7,
    -4.6,
    -4.5,
    -4.4,
    -4.3,
    -4.2,
    -4.1,
    -4.0,
    -3.9,
    -3.8,
    -3.7,
    -3.5999999999999996,
    -3.5,
    -3.4,
    -3.3,
    -3.2,
    -3.0999999999999996,
    -3.0,
    -2.9,
    -2.8,
    -2.6999999999999997,
    -2.5999999999999996,
    -2.5,
    -2.4,
    -2.3,
    -2.1999999999999997,
    -2.0999999999999996,
    -2.0,
    -1.9,
    -1.7999999999999998,
    -1.6999999999999997,
    -1.5999999999999996,
    -1.5,
    -1.4,
    -1.2999999999999998,
    -1.1999999999999997,
    -1.0999999999999996,
    -1.0,
    -0.8999999999999995,
    -0.7999999999999998,
    -0.7000000000000002,
    -0.5999999999999996,
    -0.5,
    -0.39999999999999947,
    -0.2999999999999998,
    -0.1999999999999993,
    -0.09999999999999964,
    0.0,
    0.10000000000000053,
    0.20000000000000018,
    0.3000000000000007,
    0.40000000000000036,
    0.5,
    0.6000000000000005,
    0.7000000000000002,
    0.8000000000000007,
    0.9000000000000004,
    1.0,
    1.1000000000000005,
    1.2000000000000002,
    1.3000000000000007,
    1.4000000000000004,
    1.5,
    1.6000000000000005,
    1.7000000000000002,
    1.8000000000000007,
    1.9000000000000004,
    2.0,
    2.1000000000000005,
    2.2,
    2.3000000000000007,
    2.4000000000000004,
    2.5,
    2.6000000000000005,
    2.7,
    2.8000000000000007,
    2.9000000000000004,
    3.0,
    3.0999999999999996,
    3.200000000000001,
    3.3000000000000007,
    3.4000000000000004,
    3.5,
    3.5999999999999996,
    3.700000000000001,
    3.8000000000000007,
    3.9000000000000004,
    4.0,
    4.1,
    4.200000000000001,
    4.300000000000001,
    4.4,
    4.5,
    4.600000000000001,
    4.700000000000001,
    4.800000000000001,
    4.9,
    5.0
  ],
  "V_fine": [
    14.344149951742322,
    14.581832001861168,
    14.675996745176642,
    14.7305577476734,
    14.775605517640185,
    14.819267932494599,
    14.865166458522925,
    14.915656811608452,
    14.972034467101233,
    15.034131966988513,
    15.100177725077364,
    15.167371041040354,
    15.232982258207105,
    15.295274281153839,
    15.353747985638451,
    15.40881323784558,
    15.461283244483367,
    15.51197845914951,
    15.561516444936965,
    15.61024866933053,
    15.658282437744381,
    15.705540864864831,
    15.751832495121525,
    15.796915349609142,
    15.840548126290868,
    15.88252604575957,
    15.922701754713417,
    15.960993382399925,
    15.99738258693638,
    16.031905478268865,
    16.064638939351013,
    16.09568436314682,
    16.12515040709479,
    16.153136177525436,
    16.179716317320757,
    16.204929668841825,
    16.228773278161324,
    16.251203186557223,
    16.272142494604772,
    16.291495636705154,
    16.309166115801133,
    16.325073829882495,
    16.339168166850246,
    16.351434326858204,
    16.361892314113422,
    16.370589893892426,
    16.377591897429095,
    16.382968416045404,
    16.386783913565463,
    16.389088517956775,
    16.3899120652999,
    16.389261019673622,
    16.387118182244773,
    16.38344504340935,
    16.378186607744606,
    16.37127843111225,
    16.362655391426323,
    16.35226137030229,
    16.34005862905506,
    16.326035365436677,
    16.310209909283085,
    16.292630377103574,
    16.273369348902243,
    16.252514087184,
    16.230153715515247,
    16.20636535479904,
    16.18120135400519,
    16.154679497391086,
    16.126777594858606,
    16.097433357625633,
    16.06655004173849,
    16.034007995424012,
    15.999681844151262,
    15.96346239961238,
    15.925281331292096,
    15.88513520478953,
    15.843103981454716,
    15.799358136357855,
    15.754148974987329,
    15.707778973269688,
    15.660552633142705,
    15.61271209373219,
    15.564364052709875,
    15.515405266021416,
    15.465455768469711,
    15.413818555993656,
    15.359510740204188,
    15.301455446567049,
    15.23894733570666,
    15.172383769981916,
    15.103861662794008,
    15.036865024402731,
    14.974762846753913,
    14.919159868687265,
    14.869440135742524,
    14.82350735443715,
    14.778725716136561,
    14.732207280166635,
    14.67876720967852,
    14.593717495961704,
    14.339622906706643
  ],
  "history": [
    {
      "step": 0,
      "loss": 0.021914724215682482,
      "V_q0": 0.14105351803597344,
      "spread_q0": 1.3591711277874854
    },
    {
      "step": 1000,
      "loss": 0.00017452350895068972,
      "V_q0": 16.358181071271336,
      "spread_q0": 1.498994509437742
    },
    {
      "step": 2000,
      "loss": 0.00010943014289340483,
      "V_q0": 16.357789364543034,
      "spread_q0": 1.4891118471326046
    },
    {
      "step": 3000,
      "loss": 8.708569720048862e-05,
      "V_q0": 16.345975543815026,
      "spread_q0": 1.5029960425984839
    },
    {
      "step": 4000,
      "loss": 3.506106542012764e-05,
      "V_q0": 16.38244843422551,
      "spread_q0": 1.5054716927377783
    },
    {
      "step": 5000,
      "loss": 0.0001196231662098418,
      "V_q0": 16.371268943751453,
      "spread_q0": 1.5030374264640667
    },
    {
      "step": 6000,
      "loss": 1.984283479562499e-05,
      "V_q0": 16.330634385646295,
      "spread_q0": 1.503877146344291
    },
    {
      "step": 7000,
      "loss": 9.212306435798473e-05,
      "V_q0": 16.396242833297755,
      "spread_q0": 1.503701569255238
    },
    {
      "step": 8000,
      "loss": 5.915473061084623e-05,
      "V_q0": 16.359890070216757,
      "spread_q0": 1.5044994711642368
    },
    {
      "step": 9000,
      "loss": 2.2254639878314784e-05,
      "V_q0": 16.3635898845286,
      "spread_q0": 1.5029214950708683
    },
    {
      "step": 10000,
      "loss": 2.3937704574347702e-05,
      "V_q0": 16.394371918171846,
      "spread_q0": 1.5047535478773706
    },
    {
      "step": 11000,
      "loss": 7.328798173241574e-05,
      "V_q0": 16.350030209855213,
      "spread_q0": 1.499737603102222
    },
    {
      "step": 12000,
      "loss": 1.8061260167395638e-05,
      "V_q0": 16.38569659486618,
      "spread_q0": 1.5030261966895797
    },
    {
      "step": 13000,
      "loss": 6.619721899430589e-06,
      "V_q0": 16.395471250964032,
      "spread_q0": 1.5026615045172917
    },
    {
      "step": 14000,
      "loss": 1.3396597643081933e-05,
      "V_q0": 16.38961864936506,
      "spread_q0": 1.5028685799200665
    },
    {
      "step": 14999,
      "loss": 3.14756449959231e-05,
      "V_q0": 16.3899120652999,
      "spread_q0": 1.5035684331511021
    }
  ],
  "elapsed": 801.5927073955536,
  "avg_da": 0.6947435627635816,
  "avg_db": 0.6878349293433136
}