{
  "nash": 1.5153284512405638,
  "full_info": 1.5066866201501279,
  "partial_info": 1.4784378904775495,
  "no_info_mono": 1.5931918206764852,
  "collusion_gap": -0.036890560763014335
}