{
  "q_grid": [
    -5.0,
    -4.0,
    -3.0,
    -2.0,
    -1.0,
    0.0,
    1.0,
    2.0,
    3.0,
    4.0,
    5.0
  ],
  "V_grid": [
    14.328152734463453,
    15.09949261716162,
    15.657906930962461,
    16.063442995202063,
    16.308123764962396,
    16.39033712995682,
    16.309864543299824,
    16.06703027455697,
    15.6658456387865,
    15.112301826320396,
    14.348702996803153
  ],
  "delta_a": [
    0.0,
    1.3652477371858824,
    1.1719827717502806,
    1.0353996894635351,
    0.893869043142283,
    0.7533842071504389,
    0.615401992093422,
    0.4805747995913798,
    0.35203045547212286,
    0.23125082604799255,
    0.06963963409814188
  ],
  "delta_b": [
    0.06379596920491361,
    0.22743828658570767,
    0.34854001644419547,
    0.47905867775270417,
    0.613940828034579,
    0.7518931190389494,
    0.8922581087658734,
    1.0315407667889505,
    1.167602059522719,
    1.3581639501318488,
    0.0
  ],
  "spread": [
    0.06379596920491361,
    1.59268602377159,
    1.520522788194476,
    1.5144583672162393,
    1.507809871176862,
    1.5052773261893884,
    1.5076601008592954,
    1.5121155663803303,
    1.519632514994842,
    1.5894147761798414,
    0.06963963409814188
  ],
  "q_fine": [
    -5.0,
    -4.9,
    -4.8,
    -4.7,
    -4.6,
    -4.5,
    -4.4,
    -4.3,
    -4.2,
    -4.1,
    -4.0,
    -3.9,
    -3.8,
    -3.7,
    -3.5999999999999996,
    -3.5,
    -3.4,
    -3.3,
    -3.2,
    -3.0999999999999996,
    -3.0,
    -2.9,
    -2.8,
    -2.6999999999999997,
    -2.5999999999999996,
    -2.5,
    -2.4,
    -2.3,
    -2.1999999999999997,
    -2.0999999999999996,
    -2.0,
    -1.9,
    -1.7999999999999998,
    -1.6999999999999997,
    -1.5999999999999996,
    -1.5,
    -1.4,
    -1.2999999999999998,
    -1.1999999999999997,
    -1.0999999999999996,
    -1.0,
    -0.8999999999999995,
    -0.7999999999999998,
    -0.7000000000000002,
    -0.5999999999999996,
    -0.5,
    -0.39999999999999947,
    -0.2999999999999998,
    -0.1999999999999993,
    -0.09999999999999964,
    0.0,
    0.10000000000000053,
    0.20000000000000018,
    0.3000000000000007,
    0.40000000000000036,
    0.5,
    0.6000000000000005,
    0.7000000000000002,
    0.8000000000000007,
    0.9000000000000004,
    1.0,
    1.1000000000000005,
    1.2000000000000002,
    1.3000000000000007,
    1.4000000000000004,
    1.5,
    1.6000000000000005,
    1.7000000000000002,
    1.8000000000000007,
    1.9000000000000004,
    2.0,
    2.1000000000000005,
    2.2,
    2.3000000000000007,
    2.4000000000000004,
    2.5,
    2.6000000000000005,
    2.7,
    2.8000000000000007,
    2.9000000000000004,
    3.0,
    3.0999999999999996,
    3.200000000000001,
    3.3000000000000007,
    3.4000000000000004,
    3.5,
    3.5999999999999996,
    3.700000000000001,
    3.8000000000000007,
    3.9000000000000004,
    4.0,
    4.1,
    4.200000000000001,
    4.300000000000001,
    4.4,
    4.5,
    4.600000000000001,
    4.700000000000001,
    4.800000000000001,
    4.9,
    5.0
  ],
  "V_fine": [
    14.328152734463453,
    14.572883016574323,
    14.671668294463633,
    14.726725184821973,
    14.770549003809448,
    14.812753158943593,
    14.857798611086196,
    14.908659575844151,
    14.966802352727338,
    15.031422857285,
    15.09949261716162,
    15.167221964604455,
    15.231891913388617,
    15.292593995884173,
    15.349756163872286,
    15.404308374077308,
    15.457107721295355,
    15.508714759840899,
    15.559386013857232,
    15.609151739913056,
    15.657906930962461,
    15.705486820521436,
    15.751719759338012,
    15.796459055864611,
    15.839598135797791,
    15.881073718632743,
    15.920861167504583,
    15.95896538302532,
    15.995409850174175,
    16.0302258076983,
    16.063442995202063,
    16.095082990495875,
    16.125155704631425,
    16.153659102542242,
    16.180581674315626,
    16.20590668627578,
    16.229616934741458,
    16.251698732946664,
    16.27214421107948,
    16.290951596418736,
    16.308123764962396,
    16.32366581070668,
    16.337582537670727,
    16.34987663717409,
    16.36054796532116,
    16.36959392851211,
    16.37701065423726,
    16.382794455300626,
    16.386943104270216,
    16.389456577581953,
    16.39033712995682,
    16.389588747924343,
    16.38721616353552,
    16.38322367673056,
    16.377614048730855,
    16.370387703346267,
    16.36154241566836,
    16.35107358170366,
    16.338975055689737,
    16.325240430523884,
    16.309864543299824,
    16.292844933124087,
    16.274182974083025,
    16.2538844524776,
    16.231959443837752,
    16.208421455194987,
    16.183285913655794,
    16.156568187783435,
    16.12828141212779,
    16.09843444029466,
    16.06703027455697,
    16.034065308623955,
    15.9995296738148,
    15.963408895602113,
    15.925686942986426,
    15.88635057976237,
    15.845394693659268,
    15.802827975490226,
    15.758677941370967,
    15.712993851916892,
    15.6658456387865,
    15.617316628694791,
    15.56748790354594,
    15.516412981347383,
    15.464083841643806,
    15.410394166803998,
    15.355114162966222,
    15.297903617122698,
    15.238401862723338,
    15.176430747105334,
    15.112301826320396,
    15.0471109458941,
    14.98278088194469,
    14.921636590083294,
    14.865588311191958,
    14.815343363600391,
    14.770021781713053,
    14.726907664579937,
    14.679153214648638,
    14.598865309428033,
    14.348702996803153
  ],
  "history": [
    {
      "step": 0,
      "loss": 0.021543388812879358,
      "V_q0": 0.15029400155749995,
      "spread_q0": 1.3602659924148024
    },
    {
      "step": 1000,
      "loss": 0.00014402737705133798,
      "V_q0": 16.350644141637506,
      "spread_q0": 1.4976618197663787
    },
    {
      "step": 2000,
      "loss": 7.546024460795637e-05,
      "V_q0": 16.32063360155544,
      "spread_q0": 1.4941398195726419
    },
    {
      "step": 3000,
      "loss": 9.209399514002789e-05,
      "V_q0": 16.35990931082721,
      "spread_q0": 1.508086631479718
    },
    {
      "step": 4000,
      "loss": 7.053540558249637e-05,
      "V_q0": 16.37161392693246,
      "spread_q0": 1.5112013135281157
    },
    {
      "step": 5000,
      "loss": 5.4282630905842685e-05,
      "V_q0": 16.41807193335891,
      "spread_q0": 1.5039730396969373
    },
    {
      "step": 6000,
      "loss": 7.202588605823212e-05,
      "V_q0": 16.354020515436307,
      "spread_q0": 1.507030154855158
    },
    {
      "step": 7000,
      "loss": 6.129664056043522e-05,
      "V_q0": 16.40372113524559,
      "spread_q0": 1.5002545038451953
    },
    {
      "step": 8000,
      "loss": 1.2236112506276694e-05,
      "V_q0": 16.371472404601835,
      "spread_q0": 1.5010720459810496
    },
    {
      "step": 9000,
      "loss": 1.0299063459132796e-05,
      "V_q0": 16.33323450068662,
      "spread_q0": 1.5026034138386355
    },
    {
      "step": 10000,
      "loss": 4.879063145764132e-05,
      "V_q0": 16.41594529155331,
      "spread_q0": 1.5080988284313035
    },
    {
      "step": 11000,
      "loss": 7.145683026815145e-05,
      "V_q0": 16.371238496277332,
      "spread_q0": 1.5073365452326486
    },
    {
      "step": 12000,
      "loss": 8.785449983301483e-06,
      "V_q0": 16.382095875918942,
      "spread_q0": 1.5024867465013498
    },
    {
      "step": 13000,
      "loss": 0.00012355610725683295,
      "V_q0": 16.382944209727963,
      "spread_q0": 1.503403942294782
    },
    {
      "step": 14000,
      "loss": 1.5470471755932986e-05,
      "V_q0": 16.39449595481288,
      "spread_q0": 1.5052537979910035
    },
    {
      "step": 14999,
      "loss": 1.172965033353298e-05,
      "V_q0": 16.39033712995682,
      "spread_q0": 1.505273691400558
    }
  ],
  "elapsed": 760.6713571548462,
  "avg_da": 0.6967207835189273,
  "avg_db": 0.689876847934418,