{
  "N=1": {
    "N": 1,
    "exact_spread": 1.5932896618692185,
    "exact_V": 28.01906946468589,
    "nn_spread": 1.5932170053641643,
    "nn_V": 28.018896412295614,
    "error": 7.265650505416943e-05,
    "exact_da": [
      0.0,
      1.3777491569728093,
      1.1753701726983063,
      1.0380646984003281,
      0.9147228560879169,
      0.7966448309346025,
      0.6816617824832554,
      0.5687166433323259,
      0.4559327102557607,
      0.33621774834732526,
      0.17010928263587516
    ],
    "exact_db": [
      0.17010928263591293,
      0.3362177483474856,
      0.4559327102558168,
      0.5687166433323259,
      0.6816617824822251,
      0.7966448309346159,
      0.9147228560879169,
      1.0380646983999091,
      1.1753701726982995,
      1.3777491569733318,
      0.0
    ],
    "nn_da": [
      0.0,
      1.3777459167663215,
      1.1753679025940877,
      1.0380517593839884,
      0.9147399314125901,
      0.7966096528118131,
      0.6816991280303848,
      0.5686993590850318,
      0.4559450042275167,
      0.3362179137803269,
      0.17011234667524064
    ],
    "nn_db": [
      0.1701123669098284,
      0.3362183137431196,
      0.455943975173727,
      0.56870127986929,
      0.6816968744643667,
      0.7966073525523514,
      0.9147419847242146,
      1.0380506080841514,
      1.1753683729119468,
      1.377745942319268,
      0.0
    ]
  },
  "N=2": {
    "N": 2,
    "exact_spread": 1.5153284512405638,
    "exact_V": 16.17654310874572,
    "nn_spread": 1.506366975713476,
    "nn_V": 16.38875554810042,
    "error": 0.008961475527087703,
    "exact_da": [
      0.0,
      1.4025187970454573,
      1.2018591969527568,
      1.0473656562095932,
      0.9008035851247456,
      0.7576642256203405,
      0.6174628125469273,
      0.4802482023850863,
      0.3455906702984535,
      0.20969671561238032,
      0.04192386628778471
    ],
    "exact_db": [
      0.04192386628552629,
      0.20969671561259554,
      0.3455906702988486,
      0.4802482023853314,
      0.6174628125480836,
      0.7576642256202233,
      0.9008035851245287,
      1.0473656562091958,
      1.2018591969526142,
      1.4025187970454946,
      0.0
    ],
    "nn_da": [
      0.0,
      1.3932887097809417,
      1.193771913637826,
      1.0404397824949387,
      0.8951186146801612,
      0.7532057694839687,
      0.6142393801263135,
      0.47803809943392583,
      0.344310577443827,
      0.2090585431924568,
      0.04142727445070391
    ],
    "nn_db": [
      0.040837526274144394,
      0.20860626955999062,
      0.3440528233048458,
      0.4779513927643266,
      0.6141900758675887,
      0.7531612062295076,
      0.8950441292621819,
      1.0401841415372546,
      1.193293138889166,
      1.3926313812699276,
      0.0
    ]
  },
  "N=5": {
    "N": 5,
    "exact_spread": 1.5873649789242497,
    "exact_V": 6.084295310550186,
    "nn_spread": 1.5767575308136386,
    "nn_V": 6.1693420677902315,
    "error": 0.010607448110611095,
    "exact_da": [
      0.0,
      1.709436442507532,
      1.4624559656613119,
      1.2355397464547122,
      1.0124891723760674,
      0.7936824894621172,
      0.580763762398646,
      0.3754725725062376,
      0.17913520498392388,
      -0.008226158822189848,
      -0.1989799185776856
    ],
    "exact_db": [
      -0.1989799185772654,
      -0.008226158823295275,
      0.17913520498337954,
      0.37547257250627963,
      0.5807637623990887,
      0.7936824894621326,
      1.0124891723750327,
      1.2355397464546896,
      1.4624559656625726,
      1.709436442507779,
      0.0
    ],
    "nn_da": [
      0.0,
      1.696574361097581,
      1.4522126053479094,
      1.2270299585373088,
      1.0059549273852342,
      0.7880664475652736,
      0.5779882777891577,
      0.37281203255490647,
      0.1774479604807953,
      -0.010128091889610615,
      -0.2004784625208072
    ],
    "nn_db": [
      -0.19899987652536955,
      -0.008741006041446873,
      0.17832414388267032,
      0.3737283136396371,
      0.5786090307112217,
      0.7886910832483649,
      1.0069155880126581,
      1.2279691396919878,
      1.453813177989246,
      1.6983699761091668,
      0.0
    ]
  },
  "N=10": {
    "N": 10,
    "exact_spread": 1.6611170850655732,
    "exact_V": 2.8565964951003386,
    "nn_spread": 1.651903408510431,
    "nn_V": 2.9020882999381508,
    "error": 0.00921367655514227,
    "exact_da": [
      0.0,
      2.0503169930613567,
      1.7363654462710008,
      1.430724467340724,
      1.1279455109997873,
      0.8305585425327613,
      0.5429527327553099,
      0.2699073727836634,
      0.014649345171442724,
      -0.22194106110267334,
      -0.44486128882065
    ],
    "exact_db": [
      -0.4448612888207355,
      -0.2219410611026735,
      0.014649345171866206,
      0.26990737278330046,
      0.5429527327551231,
      0.8305585425328119,
      1.1279455109998917,
      1.4307244673410722,
      1.7363654462710403,
      2.05031699306305,
      0.0
    ],
    "nn_da": [
      0.0,
      2.027323403819049,
      1.718701703425721,
      1.4169637603236283,
      1.1197156313342123,
      0.824539804432089,
      0.5383226341830053,
      0.26740443372963724,
      0.014897042851111313,
      -0.22130422591696014,
      -0.4431038631170909
    ],
    "nn_db": [
      -0.44042235537843655,
      -0.21862210445991054,
      0.017113480264119234,
      0.2692404267382336,
      0.5410673476756961,
      0.827363604078342,
      1.1216771843686473,
      1.4194812184644634,
      1.7219736451801355,
      2.0307907196120216,
      0.0
    ]
  }
}