{
  "final_spreads": [
    3.09415380742482,
    2.1340467248843966,
    2.8521859630206112,
    2.750075072902529,
    2.9434995913307516,
    2.8570286278668466,
    2.4620230834804393,
    2.4077219449755294,
    1.2691429800322909,
    1.3710674450176614,
    1.5595418923336042,
    0.7027727401161423,
    1.47846847558865,
    1.2737772568315902,
    1.2885359622973622,
    2.5810536667249853,
    2.1772158464542843,
    2.569493973187354,
    1.0596248928417302,
    2.4638630806737085
  ],
  "avg_spreads": [
    2.8949795064746793,
    2.0939408786357943,
    2.691784168341386,
    2.5411708804794046,
    2.4349507780716886,
    2.578491709500136,
    2.5532363317693325,
    2.556057544819046,
    1.2920825135310967,
    1.3431263732165877,
    1.5345480326419274,
    0.7905457392625417,
    1.4524711865386024,
    1.4027475513931507,
    0.9746544788972435,
    2.5311090067695736,
    2.263416969576409,
    2.7296532259099697,
    1.2680342010437151,
    1.9496624757759708
  ],
  "nash": 1.5153284512405638,
  "round": 20,
  "n_above_nash_final": 13,
  "n_above_nash_avg": 13
}