{
  "Q=5": {
    "Q": 5,
    "nq": 11,
    "exact": 1.5153284512405638,
    "neural": 1.506387753428092,
    "error": 0.008940697812471754,
    "pct_error": 0.590017154706771,
    "time": 114.22495579719543
  },
  "Q=10": {
    "Q": 10,
    "nq": 21,
    "exact": 1.5063430555524295,
    "neural": 1.5012605376795054,
    "error": 0.0050825178729241305,
    "pct_error": 0.3374077275551412,
    "time": 425.68549728393555
  },
  "Q=20": {
    "Q": 20,
    "nq": 41,
    "exact": 1.489825033982458,
    "neural": 1.3652381463239334,
    "error": 0.12458688765852455,
    "pct_error": 8.362518068681581,
    "time": 1684.4623084068298
  },
  "Q=50": {
    "Q": 50,
    "nq": 101,
    "exact": 1.4342023123531753,
    "neural": 1.3682220031013168,
    "error": 0.0659803092518585,
    "pct_error": 4.600488277250156,
    "time": 9026.76974606514
  }
}