{
  "N=1": {
    "N": 1,
    "K": 0,
    "nn_spread": 1.592891970456028,
    "nn_V": 28.018562310455017,
    "nn_time": 103.23487114906311,
    "exact_spread": 1.5932896618692185,
    "exact_V": 28.01906946468589,
    "nn_delta_a": [
      0.0,
      1.3777348520989339,
      1.1754069634464843,
      1.0379438691700842,
      0.9149061400532706,
      0.7964015857871174,
      0.6818137659892313,
      0.5686533852641648,
      0.45596472159667784,
      0.3362153179479359,
      0.17010985881580795
    ],
    "nn_delta_b": [
      0.17012113036631765,
      0.33618509627230136,
      0.45604041155087177,
      0.5685458034817865,
      0.6819008586675573,
      0.7964903846689106,
      0.9147911309965936,
      1.0380285485306757,
      1.1753714253657825,
      1.3777490834784332,
      0.0
    ]
  },
  "N=2": {
    "N": 2,
    "K": 11,
    "nn_spread": 1.506147369669971,
    "nn_V": 16.388605269947533,
    "nn_time": 135.2116734981537,
    "exact_spread": 1.5153284512405638,
    "exact_V": 16.17654310874572,
    "nn_delta_a": [
      0.0,
      1.3919982411545875,
      1.1929085190542046,
      1.0399324760608168,
      0.8951492396580127,
      0.7530201918107524,
      0.6142666688131809,
      0.47803525520383594,
      0.3444613715139929,
      0.20943316035682924,
      0.04198013567987381
    ],
    "nn_delta_b": [
      0.04191349028769801,
      0.20936703960882427,
      0.3445196208201989,
      0.4779269483482962,
      0.6143711284808204,
      0.7531271778592187,
      0.8950352528795007,
      1.0399990166729915,
      1.1928349704050265,
      1.3919209691657783,
      0.0
    ]
  },
  "N=5": {
    "N": 5,
    "K": 44,
    "nn_spread": 1.5772097883805776,
    "nn_V": 6.168917040455769,
    "nn_time": 129.24382400512695,
    "exact_spread": 1.5873649789242497,
    "exact_V": 6.084295310550186,
    "nn_delta_a": [
      0.0,
      1.6993809298258518,
      1.454928955816416,
      1.229214193044086,
      1.0075199365180663,
      0.7895625602945243,
      0.5790227470562185,
      0.37371282997863564,
      0.17876584159152167,
      -0.008414701273369893,
      -0.19876885049110937
    ],
    "nn_delta_b": [
      -0.20135040154580208,
      -0.011113175612890722,
      0.17631702325200974,
      0.37221988557681085,
      0.5771256446203192,
      0.7876472280860531,
      1.0060055968194033,
      1.2265765543401685,
      1.4519004997677782,
      1.6963975722566362,
      0.0
    ]
  },
  "N=10": {
    "N": 10,
    "K": 99,
    "nn_spread": 1.6518227678760335,
    "nn_V": 2.897493460185727,
    "nn_time": 138.5392951965332,
    "exact_spread": null,
    "exact_V": null,
    "nn_delta_a": [
      0.0,
      2.029291498305645,
      1.7202895483698928,
      1.4182830219016893,
      1.1200681174063278,
      0.825040691369005,
      0.5389020547301032,
      0.267226371498329,
      0.014491213103446879,
      -0.22164797854782997,
      -0.44352013058333944
    ],
    "nn_delta_b": [
      -0.4417718500917146,
      -0.21980485652205906,
      0.016048581371686476,
      0.26894075337909845,
      0.540602862230728,
      0.8267820765070286,
      1.1219100194752007,
      1.420022487405301,
      1.722489255049793,
      2.0314694873027634,
      0.0
    ]
  },
  "N=50": {
    "N": 50,
    "K": 539,
    "nn_spread": 1.8730966225890997,
    "nn_V": 0.4735705326383753,
    "nn_time": 137.0951738357544,
    "exact_spread": null,
    "exact_V": null,
    "nn_delta_a": [
      0.0,
      3.093239230896808,
      2.551121230168627,
      2.0142824414319227,
      1.4772974539180124,
      0.9365177374895949,
      0.4251259773929926,
      -0.04544230286722307,
      -0.4476399692451747,
      -0.7972022371640339,
      -1.102284451226398
    ],
    "nn_delta_b": [
      -1.1008252863353984,
      -0.7956255188224576,
      -0.4464939903111463,
      -0.04338820501514639,
      0.425243988453816,
      0.9365788850995049,
      1.4796247011657675,
      2.0155086525726142,
      2.5530698483623726,
      3.0950685517043683,
      0.0
    ]
  }
}