{
  "encoder_moments": {
    "y0": 0.45747483613100076,
    "loss": 0.00103069737319703,
    "w2_history": []
  },
  "encoder_quantiles": {
    "y0": 0.4563124438309442,
    "loss": 0.00046025912868460347,
    "w2_history": []
  },
  "encoder_histogram": {
    "y0": 0.45638121260165104,
    "loss": 0.0003581119659015605,
    "w2_history": []
  },
  "encoder_deepsets": {
    "y0": 0.4576755062881292,
    "loss": 0.0007573493826462627,
    "w2_history": []
  },
  "mv_deepsets": {
    "y0": 0.4575977921462426,
    "loss": 0.00033653752183601394
  },
  "moment_proxy": {
    "y0": 0.4568888747274519,
    "loss": 0.000361929400616331
  },
  "no_coupling": {
    "y0": 0.4577727374713749,
    "loss": 0.00043099228188017566
  },
  "metadata": {
    "device": "cuda",
    "n_iters": 500,
    "elapsed_seconds": 736.3735616207123,
    "quick": true
  }
}