{
  "std=0.1": {
    "h": 0.41251056461718366,
    "nn": {
      "da": 0.6847391414121574,
      "db": 0.6485941919211758,
      "spread": 1.3333333333333333
    },
    "fd": {
      "V": 0.15665156288774637,
      "da": 0.838136659287475,
      "db": 0.838136659287475,
      "spread": 1.67627331857495
    }
  },
  "std=1.0": {
    "h": 0.25391280215794537,
    "nn": {
      "da": 0.6529432944083343,
      "db": 0.6803900389249989,
      "spread": 1.3333333333333333
    },
    "fd": {
      "V": 0.0961078470205095,
      "da": 0.8431884266972354,
      "db": 0.8431884266972354,
      "spread": 1.6863768533944707
    }
  },
  "std=3.0": {
    "h": 0.062437029392468694,
    "nn": {
      "da": 0.7150435355413074,
      "db": 0.6182897977920259,
      "spread": 1.3333333333333333
    },
    "fd": {
      "V": 0.023535350133283808,
      "da": 0.8496989370465353,
      "db": 0.8496989370465353,
      "spread": 1.6993978740930706
    }
  },
  "sensitivity": {
    "nn": 0.0,
    "fd": -0.06605628015632974,
    "ratio": 0.0
  }
}