{
  "bsdej_shared_T10_M50": {
    "spread_q0": 1.2897295708725829,
    "best_loss": 2.8768696150540086e-05,
    "elapsed": 9648.082677841187
  },
  "bsdej_shared_T20_M50": {
    "spread_q0": 1.7207898404868942,
    "best_loss": 0.01596605837915552,
    "elapsed": 9827.873127698898
  },
  "bsdej_shared_T10_M20": {
    "spread_q0": 1.3051803595950997,
    "best_loss": 5.8767048442350725e-05,
    "elapsed": 5948.463906288147
  },
  "q20": {
    "error": "'delta_a'"
  },
  "q50": {
    "error": "'delta_a'"
  },
  "total_elapsed": 48381.220086336136
}