{
  "ablation_two_stream": {
    "y0": 0.07384315039591295,
    "loss": 0.0007658464318135787,
    "sensitivity": {
      "std=0.1": {
        "h": 0.3988723936906873,
        "z_q": 0.02219333603457352
      },
      "std=1.0": {
        "h": 0.2597082496535373,
        "z_q": -0.022299749469339963
      },
      "std=3.0": {
        "h": 0.07338302374329654,
        "z_q": 0.026038036121026217
      }
    }
  },
  "ablation_film": {
    "y0": 0.060719121437901646,
    "loss": 0.0007315325952496342,
    "sensitivity": {
      "std=0.1": {
        "h": 0.39299163398820325,
        "z_q": 0.004153361727869305
      },
      "std=1.0": {
        "h": 0.23836157945665729,
        "z_q": 0.010249811715487967
      },
      "std=3.0": {
        "h": 0.031525953144341964,
        "z_q": -0.025844396986767625
      }
    }
  },
  "ablation_film_additive": {
    "y0": 0.06656694269190518,
    "loss": 0.0009264263742176744,
    "sensitivity": {
      "std=0.1": {
        "h": 0.39792479022526944,
        "z_q": -0.010105213406272
      },
      "std=1.0": {
        "h": 0.23558523034059795,
        "z_q": 0.15957386259005168
      },
      "std=3.0": {
        "h": 0.035831039568623775,
        "z_q": 0.8660146528208471
      }
    }
  },
  "interaction_two_stream": {
    "grid": [
      [
        1.084258304379213,
        1.068712904354387,
        1.0310625865810898,
        1.0832738930698262,
        1.1075953553818887,
        1.0974330141461401
      ],
      [
        0.9514279664654186,
        0.9358825664405926,
        0.8982322486672956,
        0.950443555156032,
        0.9747650174680944,
        0.9646026762323459
      ],
      [
        0.8185754006829815,
        0.8030300006581554,
        0.7653796828848584,
        0.8175909893735949,
        0.8419124516856572,
        0.8317501104499085
      ],
      [
        0.6857228349005446,
        0.6701774348757186,
        0.6325271171024215,
        0.684738423591158,
        0.7090598859032203,
        0.6988975446674717
      ],
      [
        0.5528702691181075,
        0.5373248690932816,
        0.4996745513199845,
        0.5518858578087209,
        0.5762073201207834,
        0.5660449788850348
      ],
      [
        0.42071661164087065,
        0.40517121161604464,
        0.36752089384274755,
        0.419732200331484,
        0.4440536626435464,
        0.4338913214077978
      ],
      [
        0.2897823019439872,
        0.27423690191916117,
        0.23658658414586406,
        0.28879789063460054,
        0.31311935294666293,
        0.3029570117109143
      ],
      [
        0.15888043631994014,
        0.14333503629511415,
        0.10568471852181702,
        0.1578960250105535,
        0.18221748732261592,
        0.17205514608686728
      ],
      [
        0.012862440430122996,
        -0.002682959594702994,
        -0.04033327736800013,
        0.01187802912073635,
        0.03619949143279877,
        0.026037150197050135
      ],
      [
        -0.035540094375244,
        -0.051085494400069986,
        -0.08873581217336712,
        -0.03652450568463064,
        -0.012203043372568223,
        -0.022365384608316857
      ],
      [
        -0.03803401890037896,
        -0.05357941892520495,
        -0.0912297366985021,
        -0.03901843020976561,
        -0.014696967897703188,
        -0.024859309133451822
      ],
      [
        -0.04174879835450224,
        -0.057294198379328226,
        -0.09494451615262536,
        -0.04273320966388888,
        -0.018411747351826463,
        -0.028574088587575097
      ],
      [
        -0.047234306208174884,
        -0.06277970623300087,
        -0.10043002400629801,
        -0.04821871751756153,
        -0.02389725520549911,
        -0.034059596441247744
      ],
      [
        -0.052957711049784445,
        -0.06850311107461043,
        -0.10615342884790757,
        -0.05394212235917109,
        -0.02962066004710867,
        -0.039783001282857305
      ],
      [
        -0.058681115891394006,
        -0.07422651591622,
        -0.11187683368951713,
        -0.05966552720078065,
        -0.03534406488871823,
        -0.04550640612446687
      ],
      [
        -0.0644045207330036,
        -0.07994992075782958,
        -0.11760023853112672,
        -0.06538893204239024,
        -0.041067469730327814,
        -0.05122981096607645
      ],
      [
        -0.07012792557461314,
        -0.08567332559943913,
        -0.12332364337273627,
        -0.07111233688399979,
        -0.046790874571937376,
        -0.05695321580768601
      ]
    ],
    "q_values": [
      -4.0,
      -3.5,
      -3.0,
      -2.5,
      -2.0,
      -1.5,
      -1.0,
      -0.5,
      0.0,
      0.5,
      1.0,
      1.5,
      2.0,
      2.5,
      3.0,
      3.5,
      4.0
    ],
    "std_values": [
      0.1,
      0.5,
      1.0,
      2.0,
      3.0,
      5.0
    ],
    "interaction_strength": 1.93421667571414e-17,
    "max_interaction": 1.1102230246251565e-16,
    "cross_partial": [
      [
        -1.1102230246251565e-16,
        1.1102230246251565e-16,
        0.0,
        0.0,
        0.0
      ],
      [
        -1.1102230246251565e-16,
        0.0,
        1.1102230246251565e-16,
        -1.1102230246251565e-16,
        -1.1102230246251565e-16
      ],
      [
        0.0,
        0.0,
        0.0,
        0.0,
        0.0
      ],
      [
        1.1102230246251565e-16,
        0.0,
        -1.1102230246251565e-16,
        1.1102230246251565e-16,
        1.1102230246251565e-16
      ],
      [
        -5.551115123125783e-17,
        0.0,
        5.551115123125783e-17,
        -5.551115123125783e-17,
        -5.551115123125783e-17
      ],
      [
        0.0,
        -2.7755575615628914e-17,
        2.7755575615628914e-17,
        0.0,
        0.0
      ],
      [
        2.7755575615628914e-17,
        -2.7755575615628914e-17,
        0.0,
        2.7755575615628914e-17,
        -2.7755575615628914e-17
      ],
      [
        0.0,
        0.0,
        0.0,
        0.0,
        0.0
      ],
      [
        0.0,
        0.0,
        0.0,
        0.0,
        0.0
      ],
      [
        0.0,
        -6.938893903907228e-18,
        6.938893903907228e-18,
        0.0,
        0.0
      ],
      [
        0.0,
        6.938893903907228e-18,
        -6.938893903907228e-18,
        0.0,
        0.0
      ],
      [
        0.0,
        0.0,
        0.0,
        0.0,
        0.0
      ],
      [
        0.0,
        0.0,
        0.0,
        0.0,
        0.0
      ],
      [
        0.0,
        0.0,
        0.0,
        0.0,
        0.0
      ],
      [
        0.0,
        0.0,
        0.0,
        6.938893903907228e-18,
        0.0
      ],
      [
        0.0,
        0.0,
        0.0,
        -1.3877787807814457e-17,
        0.0
      ]
    ]
  },