{
  "no_coupling": {
    "y0_mean": 0.3782119999851324,
    "y0_std": 0.0022465521310669075,
    "loss_mean": 0.0015159495471701286,
    "loss_std": 0.00012772636220007044,
    "y0s": [
      0.37591825761529085,
      0.3791389008430478,
      0.3761340080256948,
      0.3778292927669585,
      0.38203954067467
    ],
    "losses": [
      0.0017309348415104125,
      0.0013547690965686474,
      0.0015474370370094524,
      0.0014246030186490404,
      0.0015220037421130898
    ]
  },
  "mv_moments": {
    "y0_mean": 0.027287696356409596,
    "y0_std": 0.039384017779934784,
    "loss_mean": 0.0016078102814027161,
    "loss_std": 7.948381423456802e-05,
    "y0s": [
      -0.003847729064531565,
      0.019759429495703317,
      0.013774177860475549,
      0.0024569099578956393,
      0.10429569353250503
    ],
    "losses": [
      0.0014612861313943158,
      0.0016065502028308242,
      0.0016976517718244424,
      0.0016232299819715927,
      0.0016503333189924051
    ],
    "h_narrow_mean": 0.3606416262104677,
    "h_narrow_std": 0.057412902859217976,
    "h_wide_mean": 0.10140132440353081,
    "h_wide_std": 0.002802643779773101,
    "h_gap_mean": 0.25924030180693686,
    "h_gap_std": 0.05544222442229928
  },
  "mv_quantiles": {
    "y0_mean": 0.04412496875539451,
    "y0_std": 0.039428580547892236,
    "loss_mean": 0.0013477396712438107,
    "loss_std": 4.997101029646329e-05,
    "y0s": [
      0.013359790353406828,
      0.04529641854918028,
      0.036005639880431956,
      0.007989973288065217,
      0.11797302170588828
    ],
    "losses": [
      0.0013587225352228221,
      0.0013214664789705979,
      0.0012711303090758087,
      0.001421821655493542,
      0.0013655573774562831
    ],
    "h_narrow_mean": 0.3650037821921336,
    "h_narrow_std": 0.06483596457294634,
    "h_wide_mean": 0.11385892267911753,
    "h_wide_std": 0.027476233486248756,
    "h_gap_mean": 0.251144859513016,
    "h_gap_std": 0.047206600709236074
  },
  "metadata": {
    "elapsed_seconds": 6320.996186971664,
    "n_seeds": 5,
    "n_iters": 2000
  }
}