{
  "h_only": {
    "y0": 0.14386189285010972,
    "loss": 6.465081588875062e-05,
    "evaluations": {
      "std=0.1": {
        "h": 0.4121914492993974,
        "z_q": 0.0016999273733290798
      },
      "std=1.0": {
        "h": 0.25967551357509344,
        "z_q": 0.0016999273733290798
      },
      "std=3.0": {
        "h": 0.05531134201660404,
        "z_q": 0.0016999273733290798
      }
    }
  },
  "generalisation": {
    "uniform": {
      "h": 0.34058253398076166,
      "z_q": -0.022494962923459108,
      "delta_a": 0.6404415442082997,
      "delta_b": 0.6928917891250336
    },
    "bimodal": {
      "h": 0.15981768276578556,
      "z_q": -0.0705938271158327,
      "delta_a": 0.5843668306003971,
      "delta_b": 0.7489665027329362
    },
    "skewed": {
      "h": 0.07677438137403671,
      "z_q": -0.35369421348159935,
      "delta_a": 0.2543221745716169,
      "delta_b": 1.0790111587617164
    },
    "heavy_tail": {
      "h": 0.11797316530780726,
      "z_q": -0.23603332489910908,
      "delta_a": 0.3914938259379835,
      "delta_b": 0.9418395073953498
    }
  },
  "penalty_sweep": {
    "phi=0.01": {
      "y0": 0.14070291791886547,
      "h_narrow": 0.4175515631165993,
      "h_wide": 0.05196384332788478,
      "h_gap": 0.3655877197887145,
      "da_narrow": 0.6643821579687182,
      "da_wide": 0.5316937291024504,
      "policy_gap": 0.13268842886626786
    },
    "phi=0.05": {
      "y0": 0.12107598576290027,
      "h_narrow": 0.41635551297854057,
      "h_wide": 0.09266341023303869,
      "h_gap": 0.32369210274550186,
      "da_narrow": 0.6714718566263882,
      "da_wide": 0.6244508633725058,
      "policy_gap": 0.047020993253882426
    },
    "phi=0.1": {
      "y0": 0.07286887238426398,
      "h_narrow": 0.3944803649576509,
      "h_wide": 0.0736209611717556,
      "h_gap": 0.3208594037858953,
      "da_narrow": 0.655632200861317,
      "da_wide": 0.6537814651961418,
      "policy_gap": 0.0018507356651752405
    },
    "phi=0.5": {
      "y0": -0.1844539489451961,
      "h_narrow": 0.03333172949647542,
      "h_wide": 0.01,
      "h_gap": 0.02333172949647542,
      "da_narrow": 0.6962429041685615,
      "da_wide": 0.6805893908989072,
      "policy_gap": 0.01565351326965425
    }
  },
  "metadata": {
    "elapsed_seconds": 4125.607334136963
  }
}