{
  "continuous_multiseed": {
    "y0_mean": 0.4571936416878644,
    "y0_std": 0.0009556035195673052,
    "loss_mean": 0.0001789418757001288,
    "loss_std": 2.087205831473321e-07,
    "z_max_mean": 0.12340777610921734,
    "z_max_std": 0.0363540215409698,
    "y0s": [
      0.4562380381682971,
      0.4581492452074317
    ],
    "losses": [
      0.0001791505962832761,
      0.00017873315511698145
    ]
  },
  "jump_multiseed": {
    "y0_mean": 0.4446182200957931,
    "y0_std": 0.0004264214009687406,
    "loss_mean": 0.0027134788952270245,
    "loss_std": 0.0007736855941064317,
    "z_max_mean": 219.25982308387756,
    "z_max_std": 1.1776626110076904,
    "y0s": [
      0.4450446414967619,
      0.4441917986948244
    ],
    "losses": [
      0.003487164489333456,
      0.0019397933011205929
    ]
  },
  "ablation_type1": {
    "y0_mean": 0.4571555731425748,
    "y0_std": 0.00017854204358494496,
    "loss_mean": 0.0005504971226448535,
    "loss_std": 0.00012718276900864113,
    "z_max_mean": 0.12686782468253577,
    "z_max_std": 0.005925853960776523,
    "y0s": [
      0.45733411518615974,
      0.45697703109898985
    ],
    "losses": [
      0.0006776798916534947,
      0.00042331435363621243
    ]
  },
  "ablation_type3": {
    "y0_mean": 0.4572914365624079,
    "y0_std": 0.001068494816532095,
    "loss_mean": 0.0005461242752539684,
    "loss_std": 0.0001549523432030438,
    "z_max_mean": 0.09921865806371066,
    "z_max_std": 0.02520049481959992,
    "y0s": [
      0.45835993137894,
      0.4562229417458758
    ],
    "losses": [
      0.0003911719320509246,
      0.0007010766184570122
    ]
  },
  "stress_quadratic": {
    "y0_mean": 0.4571555731425748,
    "y0_std": 0.00017854204358494496,
    "loss_mean": 0.0005504971226448535,
    "loss_std": 0.00012718276900864113,
    "z_max_mean": 0.12686782468253577,
    "z_max_std": 0.005925853960776523,
    "y0s": [
      0.45733411518615974,
      0.45697703109898985
    ],
    "losses": [
      0.0006776798916534947,
      0.00042331435363621243
    ]
  },
  "stress_cubic": {
    "y0_mean": 0.4524045412413184,
    "y0_std": 0.0012770509664067342,
    "loss_mean": 0.0011838118170412189,
    "loss_std": 0.0004710866521260498,
    "z_max_mean": 0.22040025973253097,
    "z_max_std": 0.0112102348459448,
    "y0s": [
      0.45112749027491167,
      0.45368159220772514
    ],
    "losses": [
      0.0016548984691672688,
      0.0007127251649151692
    ]
  },
  "stress_exponential": {
    "y0_mean": 0.44822108003049616,
    "y0_std": 0.0005401556943107066,
    "loss_mean": 0.000888106799768008,
    "loss_std": 7.662619743712746e-05,
    "z_max_mean": 0.2001226598623105,
    "z_max_std": 0.04625644603880033,
    "y0s": [
      0.44768092433618545,
      0.44876123572480686
    ],
    "losses": [
      0.0008114806023308805,
      0.0009647329972051355
    ]
  },
  "breaking_point_gamma": [
    {
      "gamma": 0.5,
      "y0": 0.4601089203141646,
      "loss": 0.00011419450847231593,
      "z_max": 0.053836995850405245,
      "converged": true
    },
    {
      "gamma": 1.0,
      "y0": 0.45020399248384513,
      "loss": 0.0005873961310968621,
      "z_max": 0.22625938472255552,
      "converged": true
    },
    {
      "gamma": 2.0,
      "y0": 0.3599015894541309,
      "loss": 0.07358139976921534,
      "z_max": 2.5115933991146,
      "converged": true
    },
    {
      "gamma": 3.0,
      "y0": -0.46361288717226207,
      "loss": 300.38276019921614,
      "z_max": 32.863239975418,
      "converged": false
    },
    {
      "gamma": 5.0,
      "y0": -3.5947820669267316,
      "loss": 10353.282678800406,
      "z_max": 129.1316395060961,
      "converged": false
    },
    {
      "gamma": 8.0,
      "y0": -4.671921740523752,
      "loss": 374594167.10241556,
      "z_max": 72.46670897548995,
      "converged": false
    },
    {
      "gamma": 12.0,
      "y0": -4.916186933138279,
      "loss": 21121249069446.25,
      "z_max": 47.947037378887934,
      "converged": false
    }
  ],
  "breaking_point_phi": [
    {
      "phi": 0.001,
      "y0": 0.4653213523618431,
      "loss": 4.900852847238652e-06,
      "z_max": 0.008721821185949713,
      "converged": true
    },
    {
      "phi": 0.01,
      "y0": 0.45689316211168646,
      "loss": 0.0004071928108463263,
      "z_max": 0.1445264157588655,
      "converged": true
    },
    {
      "phi": 0.1,
      "y0": 0.3814110253558672,
      "loss": 0.0047546902211329095,
      "z_max": 0.7116732276335538,
      "converged": true
    },
    {
      "phi": 0.5,
      "y0": 0.20856411482874335,
      "loss": 0.08110140707040836,
      "z_max": 2.682469364037336,
      "converged": true
    },
    {
      "phi": 1.0,
      "y0": 0.23412423186001624,
      "loss": 57.47087529558121,
      "z_max": 9.93619786134024,
      "converged": false
    },
    {
      "phi": 2.0,
      "y0": -2.414325274862172,
      "loss": 4866.304732173356,
      "z_max": 54.019127591145185,
      "converged": false
    },
    {
      "phi": 5.0,
      "y0": -4.922928325806247,
      "loss": 1950.6732912199268,
      "z_max": 41.14627917845995,
      "converged": false
    }
  ],
  "sensitivity_alpha": [
    {
      "alpha": 0.5,
      "y0": 1.389726707235872,
      "loss": 0.0017751117958082466,
      "expected_spread": 4.0
    },
    {
      "alpha": 1.0,
      "y0": 0.6898374877180422,
      "loss": 0.0006966043461867015,
      "expected_spread": 2.0
    },
    {
      "alpha": 1.5,
      "y0": 0.45686496748370736,
      "loss": 0.0007350114545963453,
      "expected_spread": 1.3333333333333333
    },
    {
      "alpha": 2.0,
      "y0": 0.34120763228422235,
      "loss": 0.0006197931746061644,
      "expected_spread": 1.0
    },
    {
      "alpha": 3.0,
      "y0": 0.2234239137500688,
      "loss": 0.002740100474475874,
      "expected_spread": 0.6666666666666666
    },
    {
      "alpha": 5.0,
      "y0": 0.11920444098798263,
      "loss": 0.021843621181616993,
      "expected_spread": 0.4
    }
  ],
  "sensitivity_lambda": [
    {
      "lambda": 0.1,
      "y0": 0.044887323669995545,
      "loss": 0.000387267977930637
    },
    {
      "lambda": 0.5,
      "y0": 0.2288484184576466,
      "loss": 0.0002248880243851597
    },
    {
      "lambda": 1.0,
      "y0": 0.4573675396109371,
      "loss": 0.00047077494603956556
    },
    {
      "lambda": 2.0,
      "y0": 0.9123369201101084,
      "loss": 0.0010349953854556979
    },
    {
      "lambda": 5.0,
      "y0": 1.8164335684250903,
      "loss": 8.7569098648382
    }
  ],
  "sensitivity_NT": [
    {
      "N_T": 10,
      "y0": 0.454346041867404,
      "loss": 0.0003488371030788011
    },
    {
      "N_T": 25,
      "y0": 0.4559756475419897,
      "loss": 0.00041015049105101454
    },
    {
      "N_T": 50,
      "y0": 0.4562146729139764,
      "loss": 0.0006063778158683032
    },
    {
      "N_T": 100,
      "y0": 0.45849616111552494,
      "loss": 0.0009413988872576089
    },
    {
      "N_T": 200,
      "y0": 0.45805754253456255,
      "loss": 0.0011053758855725695
    }
  ],
  "mf_proxy_robustness": [
    {
      "freq": 50,
      "y0": 0.4576561720915219,
      "loss": 0.0007798129506498569,
      "label": "freq=50"
    },
    {
      "freq": 100,
      "y0": 0.4569359831936262,
      "loss": 0.000343936137502272,
      "label": "freq=100"
    },
    {
      "freq": 200,
      "y0": 0.45719786623277753,
      "loss": 0.00038615694506560164,
      "label": "freq=200"
    },
    {
      "freq": 500,
      "y0": 0.457883269691503,
      "loss": 0.00029512269988165094,
      "label": "freq=500"
    },
    {
      "freq": 9999999,
      "y0": 0.4566740031364684,
      "loss": 0.00044973150720930747,
      "label": "no_coupling"
    }
  ],
  "metadata": {
    "device": "cuda",
    "n_seeds": 2,
    "n_iters": 500,
    "n_iters_long": 1000,
    "elapsed_seconds": 5105.469076156616,
    "quick": true
  }
}