{
  "q_grid": [
    -5.0,
    -4.0,
    -3.0,
    -2.0,
    -1.0,
    0.0,
    1.0,
    2.0,
    3.0,
    4.0,
    5.0
  ],
  "V_grid": [
    14.34308398235719,
    15.10584204594131,
    15.659301720199274,
    16.06391519552676,
    16.309845413637248,
    16.391465556259032,
    16.3115383816471,
    16.069100187995147,
    15.664912144859523,
    15.110409692416233,
    14.347725962719132
  ],
  "delta_a": [
    0.0,
    1.3574323443765637,
    1.167571777221008,
    1.0346331913892304,
    0.8950187682993581,
    0.7529444681655453,
    0.6159380733035055,
    0.4809891437512955,
    0.3497219330173471,
    0.230613037717558,
    0.07046172349562861
  ],
  "delta_b": [
    0.07040556753354947,
    0.23142948738585228,
    0.34938076544337343,
    0.4781223365266725,
    0.6145170427174406,
    0.7514945280791338,
    0.8919722783911636,
    1.0342558919408702,
    1.1685094838195609,
    1.357364348932419,
    0.0
  ],
  "spread": [
    0.07040556753354947,
    1.588861831762416,
    1.5169525426643813,
    1.5127555279159028,
    1.5095358110167987,
    1.5044389962446791,
    1.507910351694669,
    1.5152450356921656,
    1.518231416836908,
    1.587977386649977,
    0.07046172349562861
  ],
  "q_fine": [
    -5.0,
    -4.9,
    -4.8,
    -4.7,
    -4.6,
    -4.5,
    -4.4,
    -4.3,
    -4.2,
    -4.1,
    -4.0,
    -3.9,
    -3.8,
    -3.7,
    -3.5999999999999996,
    -3.5,
    -3.4,
    -3.3,
    -3.2,
    -3.0999999999999996,
    -3.0,
    -2.9,
    -2.8,
    -2.6999999999999997,
    -2.5999999999999996,
    -2.5,
    -2.4,
    -2.3,
    -2.1999999999999997,
    -2.0999999999999996,
    -2.0,
    -1.9,
    -1.7999999999999998,
    -1.6999999999999997,
    -1.5999999999999996,
    -1.5,
    -1.4,
    -1.2999999999999998,
    -1.1999999999999997,
    -1.0999999999999996,
    -1.0,
    -0.8999999999999995,
    -0.7999999999999998,
    -0.7000000000000002,
    -0.5999999999999996,
    -0.5,
    -0.39999999999999947,
    -0.2999999999999998,
    -0.1999999999999993,
    -0.09999999999999964,
    0.0,
    0.10000000000000053,
    0.20000000000000018,
    0.3000000000000007,
    0.40000000000000036,
    0.5,
    0.6000000000000005,
    0.7000000000000002,
    0.8000000000000007,
    0.9000000000000004,
    1.0,
    1.1000000000000005,
    1.2000000000000002,
    1.3000000000000007,
    1.4000000000000004,
    1.5,
    1.6000000000000005,
    1.7000000000000002,
    1.8000000000000007,
    1.9000000000000004,
    2.0,
    2.1000000000000005,
    2.2,
    2.3000000000000007,
    2.4000000000000004,
    2.5,
    2.6000000000000005,
    2.7,
    2.8000000000000007,
    2.9000000000000004,
    3.0,
    3.0999999999999996,
    3.200000000000001,
    3.3000000000000007,
    3.4000000000000004,
    3.5,
    3.5999999999999996,
    3.700000000000001,
    3.8000000000000007,
    3.9000000000000004,
    4.0,
    4.1,
    4.200000000000001,
    4.300000000000001,
    4.4,
    4.5,
    4.600000000000001,
    4.700000000000001,
    4.800000000000001,
    4.9,
    5.0
  ],
  "V_fine": [
    14.34308398235719,
    14.591504876473712,
    14.676951802627727,
    14.722815649267606,
    14.763329625899054,
    14.807604460863919,
    14.85820238110912,
    14.91512156108936,
    14.976854226989925,
    15.041156952199056,
    15.10584204594131,
    15.169334294242576,
    15.230826040286612,
    15.290120049211328,
    15.347363055530206,
    15.402819429753244,
    15.456735715786259,
    15.509284182539004,
    15.56055478117764,
    15.610569295890436,
    15.659301720199274,
    15.706697337318335,
    15.752688034741247,
    15.797203739005358,
    15.840180611832022,
    15.881566655339988,
    15.921325145929256,
    15.959436106083704,
    15.995895920454004,
    16.030715212767603,
    16.06391519552676,
    16.095522850308747,
    16.125565459836444,
    16.154065160874946,
    16.18103428124387,
    16.20647222025796,
    16.23036448748179,
    16.252684209674694,
    16.273395976331592,
    16.292461406262287,
    16.309845413637248,
    16.325521965560217,
    16.339478229309623,
    16.351716380515324,
    16.36225286407755,
    16.37111540690172,
    16.37833844312289,
    16.383957770784086,
    16.38800523484242,
    16.39050409410717,
    16.391465556259032,
    16.390886810043185,
    16.38875076672797,
    16.385027630685723,
    16.379678315468908,
    16.3726595631482,
    16.363930378576892,
    16.3534590596384,
    16.34122975063173,
    16.327247195275245,
    16.3115383816471,
    16.294150180902346,
    16.275142882419672,
    16.254580533545592,
    16.232519875323586,
    16.209000102997177,
    16.1840355158236,
    16.157612442085192,
    16.12969090054354,
    16.100210590284195,
    16.069100187995147,
    16.036288626686538,
    16.001716968297576,
    15.9653495543669,
    15.927183227830522,
    15.887253511718376,
    15.845636697733116,
    15.802446861743872,
    15.757826924571335,
    15.711933066152946,
    15.664912144859523,
    15.616872377757215,
    15.56784861754254,
    15.517765567534497,
    15.466406026695218,
    15.413397845268303,
    15.358243075277306,
    15.300422425325863,
    15.239604892532817,
    15.175951879178466,
    15.110409692416233,
    15.044778286690217,
    14.981365646808298,
    14.922285061918666,
    14.868749006112504,
    14.820704234534993,
    14.776759361674756,
    14.73371159386048,
    14.68319896436915,
    14.594070424988445,
    14.347725962719132
  ],
  "history": [
    {
      "step": 0,
      "loss": 0.020790415672886697,
      "V_q0": 0.17047069280317748,
      "spread_q0": 1.3601686897774206
    },
    {
      "step": 1000,
      "loss": 0.00015997553008400867,
      "V_q0": 16.33999170870639,
      "spread_q0": 1.492646923770883
    },
    {
      "step": 2000,
      "loss": 8.301925981583947e-05,
      "V_q0": 16.377334393620206,
      "spread_q0": 1.5064708181619975
    },
    {
      "step": 3000,
      "loss": 0.0002344562846389422,
      "V_q0": 16.3445248043489,
      "spread_q0": 1.4967873558270743
    },
    {
      "step": 4000,
      "loss": 5.213801793700408e-05,
      "V_q0": 16.350432264716915,
      "spread_q0": 1.5095158864312044
    },
    {
      "step": 5000,
      "loss": 4.3699972783595975e-05,
      "V_q0": 16.396170824833224,
      "spread_q0": 1.5032615400404228
    },
    {
      "step": 6000,
      "loss": 8.057554687872625e-06,
      "V_q0": 16.397400381369607,
      "spread_q0": 1.5065634333933007
    },
    {
      "step": 7000,
      "loss": 1.8679378680833593e-05,
      "V_q0": 16.39815396457251,
      "spread_q0": 1.5032808520687986
    },
    {
      "step": 8000,
      "loss": 1.95214573269875e-05,
      "V_q0": 16.37497657546104,
      "spread_q0": 1.5052556878515855
    },
    {
      "step": 9000,
      "loss": 1.6748401460728715e-05,
      "V_q0": 16.394341374638188,
      "spread_q0": 1.5052883698259012
    },
    {
      "step": 10000,
      "loss": 2.2144073682640417e-05,
      "V_q0": 16.4048343130447,
      "spread_q0": 1.5024824153707965
    },
    {
      "step": 11000,
      "loss": 0.00010316113644120192,
      "V_q0": 16.39847657494621,
      "spread_q0": 1.5022603434204282
    },
    {
      "step": 12000,
      "loss": 2.322265769807405e-05,
      "V_q0": 16.381384573447654,
      "spread_q0": 1.5046881081775747
    },
    {
      "step": 13000,
      "loss": 1.1180063025610848e-05,
      "V_q0": 16.377826456305158,
      "spread_q0": 1.5047471623834454
    },
    {
      "step": 14000,
      "loss": 1.354140049688064e-05,
      "V_q0": 16.383509961168816,
      "spread_q0": 1.5040143150406877
    },
    {
      "step": 15000,
      "loss": 4.1964964587129605e-05,
      "V_q0": 16.389995039792613,
      "spread_q0": 1.5037032642802037
    },
    {
      "step": 16000,
      "loss": 6.5017151871205955e-06,
      "V_q0": 16.39000998735225,
      "spread_q0": 1.5040291712756757
    },
    {
      "step": 17000,
      "loss": 1.0666140115462382e-05,
      "V_q0": 16.37693070252567,