{
  "spreads": [
    1.7491648757580411,
    2.598015287921384,
    2.0592095776819854,
    1.6450825182025877,
    2.663417704887874
  ],
  "nash": 1.5153284512405638,
  "round": 5
}