{
  "Q=20": {
    "exact": 1.489825033982458,
    "neural": 1.3682220023088896,
    "error": 0.12160303167356834
  },
  "Q=50": {
    "exact": 1.4342023123531753,
    "neural": 1.368222002948801,
    "error": 0.06598030940437427
  }
}