{
  "fp_h": 0.23322987779680937,
  "fp_y0": 0.04668038869474289,
  "fp_w2": 0.019386051315175658,
  "fd": {
    "V": 0.08824060602981071,
    "da": 0.8438693637149491,
    "db": 0.8438693637149491,
    "spread": 1.6877387274298983
  },
  "fd_baseline": {
    "V": 0.3840064160070512,
    "da": 0.8217442695981348,
    "db": 0.8217442695981348,
    "spread": 1.6434885391962697
  }
}