{
  "Delta=2.0": {
    "V": 0.08522609567049019,
    "da": 0.6666666666666666,
    "db": 1.3152249474833249,
    "spread": 1.9818916141499914
  },
  "Delta=1.0": {
    "V": 0.15182608070931938,
    "da": 0.8386576141613591,
    "db": 0.8386576141613591,
    "spread": 1.6773152283227182
  },
  "Delta=0.5": {
    "V": 0.08401737362670052,
    "da": 0.755558252677763,
    "db": 0.755558252677763,
    "spread": 1.511116505355526
  },
  "Delta=0.25": {
    "V": 0.04425749368723236,
    "da": 0.7119979176012561,
    "db": 0.7119979176012561,
    "spread": 1.4239958352025122
  },
  "Delta=0.1": {
    "V": 0.018276026218031118,
    "da": 0.6850387991285443,
    "db": 0.6850387991285313,
    "spread": 1.3700775982570756
  }
}