{
  "n=256": {
    "final_w2": 0.017426798182017998,
    "min_w2": 0.017426798182017998,
    "w2s": [
      0.02364423751408999,
      0.02273564934882665,
      0.021239630053063275,
      0.020528555937776617,
      0.022999512412899933,
      0.021506502958922386,
      0.021466657106928244,
      0.01771029637385611,
      0.019995219315634295,
      0.021701609342232055,
      0.020025638530435395,
      0.020264571233798007,
      0.02179407419959938,
      0.02014941735837842,
      0.017426798182017998
    ]
  },
  "n=1024": {
    "final_w2": 0.012217803482873477,
    "min_w2": 0.012217803482873477,
    "w2s": [
      0.01730700613111945,
      0.01505472962050317,
      0.013994203450282856,
      0.015015550013594758,
      0.015451547752869256,
      0.014897568943136843,
      0.014502250310018068,
      0.015656224820413418,
      0.015038161329649392,
      0.013878408480111666,
      0.012618585095276611,
      0.014621842714781754,
      0.01681490415280293,
      0.015172070494197321,
      0.012217803482873477
    ]
  },
  "n=2048": {
    "final_w2": 0.007051236308776261,
    "min_w2": 0.006986480807082136,
    "w2s": [
      0.009380647307725396,
      0.007870275258139495,
      0.007670315529663487,
      0.007276850766571307,
      0.006986480807082136,
      0.008239705149763297,
      0.008262423501868362,
      0.007399582916473049,
      0.007855856692153926,
      0.007102290489717628,
      0.007109601300914456,
      0.00752836893365473,
      0.007135771417651472,
      0.007252345683457226,
      0.007051236308776261
    ]
  }
}