{
  "jump_spread": 2.792898850340638,
  "jump_da": 1.5127712323628077,
  "jump_db": 1.28012761797783,
  "jump_U_a": -0.8461045656961411,
  "jump_U_b": -0.6134609513111633,
  "diffusion_spread": 1.3333333333333333,
  "fd_spread": 1.6561891235093245,
  "fd_da": 0.8280945617546622,
  "fd_V": 0.28970909068357675,
  "target_2_over_alpha": 1.3333333333333333,
  "jump_y0": 0.22923543818811584,
  "h": 0.7577731034088894
}