{
  "K=1": {
    "dim": 2,
    "y0": 0.07522639173653783,
    "loss": 0.000913813721282089,
    "time_min": 19.24375701745351
  },
  "K=2": {
    "dim": 4,
    "y0": -0.07277192926363332,
    "loss": 0.002348004146081545,
    "time_min": 27.348089396953583
  },
  "K=5": {
    "dim": 10,
    "y0": -0.30409721138399964,
    "loss": 0.05855550653549968,
    "time_min": 83.90668910344442
  }
}